acq_date,grid_id,brightness,bright_t31,frp,day,month,dayofweek,target,lat_grid,lon_grid,temperature_max,temperature_min,precipitation_sum,windspeed_max,humidity_max,humidity_min
2020-02-01,29.6_78.7,314.5,291.25,13.8,1,2,5,0,29.6,78.7,16.5,6.2,0.0,11.6,98,48
2020-02-09,30.2_79.1,307.4,284.6,11.4,9,2,6,0,30.2,79.1,7.2,-1.3,0.0,6.2,79,10
2020-02-12,29.9_79.0,301.3,287.5,5.8,12,2,2,0,29.9,79.0,16.7,2.5,0.0,13.1,75,32
2020-02-13,29.6_78.9,306.2,293.70000000000005,16.45,13,2,3,0,29.6,78.9,25.3,12.2,0.0,12.1,79,48
2020-02-16,30.0_79.0,305.25,290.95,30.05,16,2,6,0,30.0,79.0,16.9,5.8,0.0,10.5,96,35
2020-03-30,30.0_79.3,308.0,295.3,5.6,30,3,0,0,30.0,79.3,21.4,6.9,0.0,10.4,84,41
2020-04-24,29.6_78.9,316.3,303.4,7.9,24,4,4,0,29.6,78.9,30.3,18.8,0.2,9.0,78,36
2020-05-07,30.1_78.7,317.7,301.5,7.7,7,5,3,0,30.1,78.7,21.3,11.4,0.7,10.9,86,43
2020-05-16,30.1_78.7,326.9,310.0,12.9,16,5,5,0,30.1,78.7,27.3,16.9,0.0,10.1,69,35
2020-05-23,30.1_78.7,323.7,308.9,6.7,23,5,5,0,30.1,78.7,29.0,19.8,0.0,12.5,70,30
2020-05-24,29.5_79.5,321.8,309.2,6.5,24,5,6,0,29.5,79.5,32.2,23.9,0.4,11.9,58,28
2020-05-25,29.5_79.5,325.3,312.8,7.4,25,5,0,1,29.5,79.5,32.1,25.8,0.0,10.3,61,27
2020-05-25,30.1_79.4,330.3,305.4,18.0,25,5,0,0,30.1,79.4,29.6,20.8,0.0,7.7,60,25
2020-05-26,30.2_78.7,324.3,310.4,6.2,26,5,1,0,30.2,78.7,30.7,18.5,0.0,8.6,63,24
2020-06-25,30.2_78.8,317.4,299.2,5.7,25,6,3,0,30.2,78.8,29.0,21.4,12.5,7.5,98,71
2020-09-22,29.5_79.1,312.3,295.2,4.8,22,9,1,0,29.5,79.1,31.7,22.9,3.6,8.9,92,59
2020-09-28,30.2_79.0,312.25,298.65,7.6,28,9,0,0,30.2,79.0,24.5,14.4,0.1,7.2,85,41
2020-10-03,29.8_79.4,318.7,303.9,17.4,3,10,5,0,29.8,79.4,24.2,15.1,0.1,10.3,99,61
2020-10-09,30.0_78.7,315.1,303.1,8.5,9,10,4,0,30.0,78.7,28.7,18.5,0.0,8.0,85,47
2020-10-10,30.1_79.5,309.9,299.0,6.7,10,10,5,0,30.1,79.5,25.5,13.8,0.0,4.5,81,27
2020-10-12,29.8_79.2,319.4,304.0,15.8,12,10,0,0,29.8,79.2,27.6,16.6,0.0,11.8,86,45
2020-10-14,29.8_78.9,314.5,301.3,8.3,14,10,2,0,29.8,78.9,27.3,18.0,0.0,9.6,82,53
2020-10-16,29.8_79.3,318.6,305.5,9.55,16,10,4,0,29.8,79.3,27.5,11.9,0.0,12.6,84,32
2020-10-17,29.7_79.4,321.3,307.0,11.5,17,10,5,0,29.7,79.4,27.0,11.7,0.0,12.1,79,28
2020-10-23,29.7_79.3,316.8,303.6,8.8,23,10,4,0,29.7,79.3,27.4,11.9,0.0,12.6,89,32
2020-10-24,29.8_78.9,312.9,298.4,9.2,24,10,5,0,29.8,78.9,25.4,14.1,0.0,10.0,75,37
2020-10-25,29.7_79.4,315.2,304.0,8.2,25,10,6,0,29.7,79.4,24.8,9.9,0.0,13.4,86,31
2020-10-25,29.8_79.0,311.8,299.2,8.3,25,10,6,0,29.8,79.0,17.7,7.8,0.0,10.2,72,38
2020-10-25,29.9_78.8,312.8,302.2,9.0,25,10,6,0,29.9,78.8,26.2,10.3,0.0,8.0,98,39
2020-10-25,30.2_78.7,316.0,302.7,12.2,25,10,6,0,30.2,78.7,23.4,13.5,0.0,9.7,82,37
2020-10-26,29.8_79.0,322.76666666666665,299.1666666666667,56.36666666666667,26,10,0,1,29.8,79.0,16.7,6.0,0.0,13.3,61,24
2020-10-26,29.9_79.0,308.3,297.2,7.2,26,10,0,0,29.9,79.0,19.6,10.7,0.0,14.1,70,24
2020-10-26,30.1_78.7,308.9,297.1,16.0,26,10,0,0,30.1,78.7,21.5,11.8,0.1,8.0,70,25
2020-10-28,29.7_79.2,311.5,301.3,8.3,28,10,2,0,29.7,79.2,23.8,7.4,0.0,12.8,95,32
2020-10-28,29.9_79.0,312.1,299.5,13.4,28,10,2,0,29.9,79.0,21.2,9.8,0.0,9.7,84,29
2020-10-28,30.1_78.9,308.5,297.4,17.4,28,10,2,0,30.1,78.9,23.3,11.6,0.0,9.4,80,31
2020-10-30,29.9_79.4,311.7,300.1,5.5,30,10,4,0,29.9,79.4,26.5,10.5,0.0,11.2,77,32
2020-10-30,30.0_78.9,309.3,297.0,5.8,30,10,4,0,30.0,78.9,18.0,3.8,0.0,15.3,75,28
2020-10-30,30.0_79.3,316.5,300.0,11.0,30,10,4,0,30.0,79.3,22.9,10.2,0.1,8.1,68,32
2020-11-01,29.9_79.0,315.1,298.1,9.3,1,11,6,0,29.9,79.0,21.8,9.7,1.0,14.1,90,40
2020-11-02,29.7_79.3,310.4,297.3,26.8,2,11,0,0,29.7,79.3,23.5,11.7,0.3,13.3,99,59
2020-11-04,29.7_79.4,310.4,296.8,15.2,4,11,2,0,29.7,79.4,22.0,8.5,0.0,12.3,95,43
2020-11-04,30.5_78.6,315.1,299.8,22.2,4,11,2,0,30.5,78.6,21.9,9.0,0.0,6.4,67,27
2020-11-06,29.5_79.5,314.7,302.7,10.5,6,11,4,0,29.5,79.5,23.9,15.1,0.0,6.9,84,28
2020-11-06,29.7_79.3,311.29999999999995,300.65,6.95,6,11,4,0,29.7,79.3,24.5,7.9,0.0,12.8,100,33
2020-11-06,30.0_78.8,309.8,299.4,6.7,6,11,4,0,30.0,78.8,23.9,12.6,0.0,7.8,84,30
2020-11-06,30.4_79.0,306.2,295.1,4.2,6,11,4,0,30.4,79.0,24.8,10.5,0.0,7.2,63,24
2020-11-07,29.9_79.5,302.9,292.5,5.9,7,11,5,0,29.9,79.5,17.6,0.9,0.0,9.3,82,21
2020-11-08,29.7_79.2,315.2,298.5,10.5,8,11,6,0,29.7,79.2,21.0,5.6,0.0,11.2,97,49
2020-11-08,29.8_79.3,310.9,300.8,5.7,8,11,6,0,29.8,79.3,21.9,6.8,0.0,12.2,92,42
2020-11-08,29.9_78.8,307.7,295.7,6.1,8,11,6,0,29.9,78.8,23.1,10.1,0.0,7.6,99,47
2020-11-08,30.2_78.6,329.35,301.45,25.65,8,11,6,0,30.2,78.6,20.9,8.6,0.0,8.2,89,37
2020-11-10,29.9_78.6,308.3,292.0,11.4,10,11,1,0,29.9,78.6,20.5,8.6,0.0,7.1,100,49
2020-11-10,30.2_78.6,308.8,297.1,8.7,10,11,1,0,30.2,78.6,21.7,10.0,0.0,8.1,89,39
2020-11-10,30.3_79.0,300.6,286.9,6.050000000000001,10,11,1,0,30.3,79.0,26.1,12.0,0.0,8.2,81,33
2020-11-11,30.3_78.5,313.0,300.7,22.2,11,11,2,0,30.3,78.5,24.2,11.9,0.0,8.2,92,41
2020-11-12,29.9_78.8,307.6333333333334,294.1666666666667,15.2,12,11,3,0,29.9,78.8,23.6,10.7,0.0,7.8,98,49
2020-11-13,30.2_79.0,304.6,292.4,9.5,13,11,4,0,30.2,79.0,19.6,8.7,0.0,9.7,89,40
2020-11-15,29.7_79.3,309.5,298.4,5.5,15,11,6,0,29.7,79.3,22.8,8.4,0.9,11.6,93,45
2020-11-15,29.7_79.5,311.6,297.0,7.0,15,11,6,0,29.7,79.5,21.0,7.4,0.4,11.8,86,35
2020-11-15,29.9_78.8,313.35,299.65,8.15,15,11,6,0,29.9,78.8,22.5,10.0,1.0,10.1,97,40
2020-11-15,29.9_79.1,312.4,299.5,8.1,15,11,6,0,29.9,79.1,19.1,8.8,0.7,10.3,75,24
2020-11-15,30.1_79.2,320.1,296.8,16.4,15,11,6,0,30.1,79.2,15.8,5.2,0.6,8.8,84,20
2020-11-15,30.2_78.7,311.1,299.2,6.3,15,11,6,0,30.2,78.7,19.9,9.8,0.2,9.3,77,44
2020-11-15,30.2_79.0,307.3,295.8,5.2,15,11,6,0,30.2,79.0,19.2,9.0,0.4,9.4,77,41
2020-11-15,30.3_78.6,313.0,300.3,8.9,15,11,6,0,30.3,78.6,19.8,10.4,0.9,7.1,73,39
2020-11-15,30.5_79.0,308.5,295.6333333333333,7.833333333333333,15,11,6,0,30.5,79.0,14.4,5.9,0.2,10.5,83,25
2020-11-20,30.1_79.5,319.4,291.4,42.0,20,11,4,0,30.1,79.5,15.7,7.0,0.3,7.2,69,24
2020-11-21,30.0_78.7,301.6,289.8,17.1,21,11,5,0,30.0,78.7,19.9,8.8,0.0,7.8,89,32
2020-11-22,30.1_79.3,302.9,291.8,6.7,22,11,6,0,30.1,79.3,11.8,3.2,0.0,6.9,72,23
2020-11-22,30.1_79.5,337.9,295.25,56.7,22,11,6,0,30.1,79.5,15.7,-0.2,0.0,5.5,83,24
2020-11-27,29.6_79.5,304.3666666666667,291.7,15.0,27,11,4,0,29.6,79.5,20.5,6.2,0.0,8.2,72,21
2020-11-27,29.8_79.4,307.2,291.9,23.9,27,11,4,0,29.8,79.4,19.2,4.8,0.0,9.7,70,23
2020-11-27,29.9_78.9,302.4,291.8,6.3,27,11,4,0,29.9,78.9,20.8,3.5,0.0,8.9,77,29
2020-11-27,30.1_78.8,300.1,282.0,7.5,27,11,4,0,30.1,78.8,18.8,10.8,0.0,8.0,51,27
2020-11-27,30.1_78.9,304.4,292.7,13.1,27,11,4,0,30.1,78.9,19.0,6.0,0.0,7.1,68,30
2020-11-27,30.3_79.1,302.6,282.7,8.7,27,11,4,0,30.3,79.1,24.4,5.1,0.0,7.9,80,22
2020-11-28,29.9_78.9,301.0,290.8,9.1,28,11,5,1,29.9,78.9,21.0,5.0,0.0,8.2,81,27
2020-11-29,29.9_79.1,306.6,280.9,16.9,29,11,6,0,29.9,79.1,18.6,7.1,0.0,6.0,73,26
2020-11-29,30.0_79.0,307.1,292.0,10.7,29,11,6,0,30.0,79.0,17.5,5.3,0.0,7.0,74,20
2020-11-30,29.9_79.1,301.7,290.75,20.45,30,11,0,1,29.9,79.1,19.2,6.0,0.0,5.8,76,29
2020-11-30,29.9_79.4,301.3,289.6,7.3,30,11,0,0,29.9,79.4,22.2,8.4,0.0,6.5,79,32
2020-11-30,30.0_78.6,301.6,291.4,5.4,30,11,0,0,30.0,78.6,19.5,11.1,0.0,5.4,81,41
2020-12-01,30.3_78.6,317.3,297.1,13.8,1,12,1,0,30.3,78.6,19.1,7.2,0.0,6.9,91,40
2020-12-02,29.8_79.3,304.1,291.2,4.6,2,12,2,0,29.8,79.3,19.6,5.1,0.0,9.5,92,44
2020-12-02,29.9_78.8,301.1,290.6,3.5,2,12,2,0,29.9,78.8,22.5,8.3,0.0,7.1,100,50
2020-12-02,30.0_78.8,302.6,291.4,4.4,2,12,2,0,30.0,78.8,21.7,9.9,0.0,7.0,100,46
2020-12-03,29.8_79.2,311.5,296.4,8.55,3,12,3,0,29.8,79.2,19.1,8.1,0.0,11.9,86,49
2020-12-03,29.9_78.8,315.7,296.7,13.7,3,12,3,1,29.9,78.8,20.3,6.6,0.0,7.1,100,53
2020-12-03,30.2_79.0,305.8,291.6,7.4,3,12,3,0,30.2,79.0,16.1,6.7,0.0,9.0,88,48
2020-12-05,30.2_79.1,300.5,288.3,7.9,5,12,5,0,30.2,79.1,10.6,2.9,0.0,8.9,82,34
2020-12-06,29.8_78.9,303.70000000000005,292.5,7.399999999999999,6,12,6,0,29.8,78.9,21.4,9.4,0.0,7.9,77,37
2020-12-06,29.9_78.6,305.3,293.6,11.2,6,12,6,0,29.9,78.6,18.7,6.8,0.0,6.7,91,43
2020-12-06,29.9_78.7,302.2,292.0,9.0,6,12,6,0,29.9,78.7,23.8,8.8,0.0,7.2,94,39
2020-12-06,30.2_79.0,331.65,290.5,71.0,6,12,6,0,30.2,79.0,17.0,6.3,0.0,8.5,73,35
2020-12-06,30.2_79.4,302.7,291.7,12.1,6,12,6,0,30.2,79.4,14.0,2.6,0.0,7.9,67,27
2020-12-08,30.0_78.9,311.2,293.1,10.3,8,12,1,0,30.0,78.9,14.2,2.6,0.0,10.9,69,29
2020-12-08,30.2_78.6,326.1,299.6,25.5,8,12,1,0,30.2,78.6,18.9,8.2,0.0,5.6,80,41
2020-12-09,29.8_79.5,302.2,290.3,6.1,9,12,2,0,29.8,79.5,18.6,5.1,0.0,10.7,80,39
2020-12-09,30.1_78.7,317.2,293.0,16.4,9,12,2,0,30.1,78.7,18.9,11.5,0.0,5.1,74,41
2020-12-09,30.3_78.8,304.7,290.2,6.8,9,12,2,0,30.3,78.8,18.0,9.9,0.0,6.9,77,34
2020-12-09,30.4_79.1,300.4,287.9,5.1,9,12,2,0,30.4,79.1,16.3,3.0,0.0,7.0,68,39
2020-12-10,29.7_79.3,303.6,292.4,4.6,10,12,3,0,29.7,79.3,23.0,6.9,0.0,12.9,99,37
2020-12-10,29.9_79.0,309.8,295.7,7.0,10,12,3,0,29.9,79.0,17.3,6.4,0.0,12.4,72,27
2020-12-10,30.0_78.8,312.9,299.7,8.1,10,12,3,0,30.0,78.8,21.2,11.3,0.0,8.3,79,33
2020-12-10,30.1_78.7,307.3,295.2,5.7,10,12,3,1,30.1,78.7,18.3,11.0,0.0,7.2,63,38
2020-12-10,30.3_79.2,313.3,297.5,10.3,10,12,3,0,30.3,79.2,18.4,5.6,0.0,4.6,67,37
2020-12-10,30.4_79.0,315.45,293.45000000000005,14.1,10,12,3,0,30.4,79.0,21.9,9.0,0.0,7.7,73,37
2020-12-11,30.0_79.0,309.4,284.8,10.5,11,12,4,0,30.0,79.0,16.3,4.1,0.0,10.3,69,26
2020-12-11,30.3_78.9,301.65,289.95,3.5,11,12,4,0,30.3,78.9,17.3,7.3,0.0,8.8,67,32
2020-12-17,29.7_79.2,309.7,294.3,8.9,17,12,3,0,29.7,79.2,16.5,-2.2,0.0,11.2,91,28
2020-12-17,30.2_79.0,304.8,291.6,6.4,17,12,3,0,30.2,79.0,13.5,2.8,0.0,7.2,61,19
2020-12-18,30.1_78.7,300.4,289.6,4.0,18,12,4,0,30.1,78.7,15.4,4.6,0.0,5.5,64,19
2020-12-19,29.5_79.3,305.75,286.85,14.1,19,12,5,0,29.5,79.3,14.6,7.6,0.0,6.3,59,15
2020-12-19,29.7_79.0,307.5,292.8,8.2,19,12,5,0,29.7,79.0,17.3,9.7,0.0,7.1,79,26
2020-12-19,29.9_79.1,305.1,292.1,6.3,19,12,5,0,29.9,79.1,15.9,-0.2,0.0,5.9,52,16
2020-12-19,30.0_79.0,303.7,290.1,5.4,19,12,5,0,30.0,79.0,14.8,0.7,0.0,9.1,52,14
2020-12-19,30.4_78.6,314.3,291.7,15.2,19,12,5,0,30.4,78.6,19.9,6.6,0.0,6.6,76,33
2020-12-19,30.4_79.1,305.0,289.5,7.7,19,12,5,0,30.4,79.1,13.7,-3.3,0.0,5.0,54,28
2020-12-22,30.1_78.7,302.9,290.05,10.9,22,12,1,0,30.1,78.7,17.8,7.6,0.0,5.8,69,24
2020-12-22,30.5_79.4,305.2,293.3,16.1,22,12,1,0,30.5,79.4,12.7,-1.7,0.0,5.5,55,27
2020-12-24,29.9_79.0,314.4,293.25,14.2,24,12,3,0,29.9,79.0,14.4,0.8,0.0,9.1,88,23
2020-12-24,30.0_79.0,303.3333333333333,290.3666666666666,6.533333333333334,24,12,3,0,30.0,79.0,13.6,1.4,0.0,8.9,82,25
2020-12-24,30.4_78.6,307.4,296.2,8.0,24,12,3,0,30.4,78.6,19.0,9.6,0.0,7.0,75,38
2020-12-24,30.4_78.9,300.4,288.6,5.5,24,12,3,0,30.4,78.9,15.1,0.5,0.0,10.0,70,23
2020-12-24,30.4_79.3,313.2,291.7,15.6,24,12,3,0,30.4,79.3,16.5,4.2,0.0,6.4,59,23
2020-12-25,30.0_79.0,303.2,284.9,8.8,25,12,4,1,30.0,79.0,15.2,0.8,0.0,9.2,68,18
2020-12-26,29.8_78.8,305.0,292.0,6.6,26,12,5,0,29.8,78.8,14.3,8.8,0.0,6.8,65,10
2020-12-26,29.9_79.1,303.9,287.8,5.8,26,12,5,0,29.9,79.1,17.3,1.0,0.0,6.5,56,15
2020-12-26,30.0_79.0,311.1,292.8,8.9,26,12,5,1,30.0,79.0,16.3,2.4,0.0,9.1,58,11
2020-12-26,30.0_79.3,301.0,285.9,4.6,26,12,5,0,30.0,79.3,17.7,3.3,0.0,7.9,62,19
2020-12-26,30.2_78.7,305.3,291.3,7.0,26,12,5,0,30.2,78.7,16.7,4.4,0.0,8.0,54,15
2020-12-26,30.4_79.1,302.8,277.7,6.8,26,12,5,0,30.4,79.1,15.1,-0.8,0.0,6.3,62,21
2020-12-26,30.4_79.2,300.6,279.7,5.0,26,12,5,0,30.4,79.2,16.1,-2.7,0.0,5.9,66,23
2020-12-27,29.6_78.6,302.5,291.5,4.7,27,12,6,0,29.6,78.6,16.8,5.7,0.0,8.0,79,50
2020-12-27,29.9_79.0,302.6,288.8,6.2,27,12,6,0,29.9,79.0,15.1,1.2,0.0,9.2,74,12
2020-12-27,30.0_79.0,301.6,290.6,4.1,27,12,6,1,30.0,79.0,14.6,1.3,0.0,10.9,66,12
2020-12-27,30.1_79.3,305.8,289.3,50.3,27,12,6,0,30.1,79.3,11.7,-0.0,0.0,9.9,57,11
2020-12-27,30.2_79.1,314.0,294.04999999999995,32.15,27,12,6,0,30.2,79.1,10.9,-0.2,0.0,5.9,51,9
2020-12-27,30.4_78.6,307.1,287.75,8.850000000000001,27,12,6,0,30.4,78.6,18.5,7.6,0.0,7.6,71,35
2020-12-29,29.5_79.4,306.85,292.85,24.55,29,12,1,0,29.5,79.4,10.8,-3.0,0.0,6.9,97,38
2020-12-29,30.4_79.1,303.3,290.0,22.7,29,12,1,0,30.4,79.1,11.9,-2.6,0.0,6.6,67,33
2020-12-29,30.4_79.5,305.25,291.3,28.4,29,12,1,0,30.4,79.5,2.9,-5.1,0.0,7.2,61,2
2020-12-31,30.0_79.4,303.65,289.35,9.9,31,12,3,0,30.0,79.4,13.9,-3.4,0.0,6.1,60,17
2020-12-31,30.2_79.0,300.7,287.8,7.8,31,12,3,0,30.2,79.0,14.7,2.5,0.0,6.5,66,21
2021-01-01,29.5_79.4,304.5,290.7,10.1,1,1,4,0,29.5,79.4,14.2,1.1,0.0,6.6,85,14
2021-01-01,29.5_79.5,300.3,289.7,6.3,1,1,4,0,29.5,79.5,18.7,12.4,0.0,5.5,81,27
2021-01-01,30.1_78.9,300.2,286.5,5.4,1,1,4,0,30.1,78.9,15.7,6.6,0.0,6.1,75,39
2021-01-01,30.5_78.6,305.3,291.0,10.9,1,1,4,0,30.5,78.6,15.2,4.9,0.0,5.5,50,18
2021-01-12,30.0_79.0,303.7,292.6,5.3,12,1,1,0,30.0,79.0,16.4,2.6,0.0,9.4,71,14
2021-01-15,29.9_79.0,306.2,288.3,21.8,15,1,4,0,29.9,79.0,14.8,5.7,0.0,6.3,92,46
2021-01-16,29.5_78.8,303.6,291.8,7.9,16,1,5,0,29.5,78.8,18.3,7.9,0.0,9.1,99,59
2021-01-16,30.2_79.3,305.35,292.5,10.1,16,1,5,0,30.2,79.3,20.8,8.3,0.0,7.0,93,46
2021-01-18,29.7_79.2,305.0,291.8,5.5,18,1,0,0,29.7,79.2,16.9,1.2,0.0,13.5,100,48
2021-01-18,30.1_78.5,303.6,291.6,5.5,18,1,0,0,30.1,78.5,16.4,1.7,0.0,8.8,100,45
2021-01-19,30.1_78.5,303.8,290.7,6.1,19,1,1,1,30.1,78.5,15.6,2.7,0.0,7.6,97,41
2021-01-20,29.8_79.3,311.6,297.6,8.4,20,1,2,0,29.8,79.3,16.5,1.3,0.0,13.3,96,39
2021-01-20,29.8_79.4,308.2,297.2,6.1,20,1,2,0,29.8,79.4,14.5,1.9,0.0,12.4,100,33
2021-01-24,30.5_78.7,300.5,286.7,9.7,24,1,6,0,30.5,78.7,9.6,-1.6,0.9,10.0,84,40
2021-01-25,29.9_79.1,305.0,294.6,6.1,25,1,0,0,29.9,79.1,13.7,0.8,0.0,6.8,84,28
2021-01-25,30.2_79.4,301.5,286.0,7.2,25,1,0,0,30.2,79.4,11.2,-0.7,0.1,5.9,67,21
2021-01-25,30.3_78.7,303.4,291.5,5.0,25,1,0,0,30.3,78.7,15.5,2.1,0.0,6.5,97,43
2021-01-25,30.5_78.7,307.0,291.3,8.7,25,1,0,1,30.5,78.7,9.9,-0.6,0.1,7.1,77,42
2021-01-26,30.2_79.4,303.6,287.2,8.1,26,1,1,1,30.2,79.4,11.6,-0.1,0.0,5.9,64,25
2021-01-27,29.6_79.5,301.5,290.4,4.7,27,1,2,0,29.6,79.5,17.0,-2.7,0.0,9.8,100,20
2021-01-27,29.9_79.3,305.9,293.3,4.4,27,1,2,0,29.9,79.3,18.6,0.9,0.0,10.1,85,16
2021-01-27,30.0_79.3,312.4,292.5,10.95,27,1,2,0,30.0,79.3,16.0,1.0,0.0,11.2,85,17
2021-01-27,30.4_78.7,308.7,293.85,6.8,27,1,2,0,30.4,78.7,16.6,2.3,0.0,5.8,90,32
2021-01-27,30.5_78.6,310.8,294.4,9.3,27,1,2,0,30.5,78.6,14.9,-1.2,0.0,6.0,68,27
2021-01-27,30.5_78.9,306.0,295.0,7.5,27,1,2,0,30.5,78.9,11.4,0.4,0.0,7.7,61,23
2021-01-28,29.6_78.5,301.3,288.3,4.3,28,1,3,0,29.6,78.5,18.2,6.4,0.0,8.1,97,61
2021-01-28,30.1_78.9,308.54999999999995,290.8,9.35,28,1,3,0,30.1,78.9,14.7,0.4,0.0,8.5,100,35
2021-01-28,30.2_79.4,303.4,289.9,37.6,28,1,3,0,30.2,79.4,10.9,-0.3,1.2,9.1,54,20
2021-01-28,30.3_78.9,305.95,286.3,13.55,28,1,3,0,30.3,78.9,13.5,3.4,0.0,7.4,76,31
2021-01-28,30.4_78.9,304.0,288.0,7.1,28,1,3,0,30.4,78.9,14.0,-0.6,0.0,8.9,66,23
2021-01-28,30.5_78.6,303.7,288.1,5.9,28,1,3,1,30.5,78.6,13.8,1.1,0.0,5.3,68,30
2021-01-28,30.5_78.7,303.2,288.2,5.9,28,1,3,0,30.5,78.7,10.3,0.8,0.6,8.3,69,26
2021-01-29,30.1_78.7,308.3,288.0,12.8,29,1,4,0,30.1,78.7,13.3,3.6,0.2,8.5,91,39
2021-01-29,30.1_78.9,316.20000000000005,289.75,20.95,29,1,4,1,30.1,78.9,13.8,3.0,0.0,9.4,100,45
2021-01-29,30.3_79.5,311.3,289.1,12.5,29,1,4,0,30.3,79.5,9.0,-4.2,0.0,8.0,58,19
2021-01-29,30.4_78.5,309.1,294.1,12.4,29,1,4,0,30.4,78.5,16.5,1.6,0.1,7.6,100,36
2021-01-29,30.4_78.9,301.0,289.15,6.15,29,1,4,1,30.4,78.9,13.2,-1.1,0.3,9.3,77,25
2021-01-29,30.5_78.6,302.6,290.7,7.3,29,1,4,1,30.5,78.6,13.3,1.2,0.0,7.0,75,31
2021-01-30,30.4_78.7,302.6,288.2,13.3,30,1,5,0,30.4,78.7,15.6,0.2,0.0,6.1,89,31
2021-01-31,30.0_79.4,313.5,289.2,32.1,31,1,6,0,30.0,79.4,11.8,-5.6,0.0,8.9,100,34
2021-01-31,30.0_79.5,316.1,286.2,37.5,31,1,6,0,30.0,79.5,12.2,-5.2,0.0,8.9,100,34
2021-01-31,30.5_78.7,303.5,289.0,16.2,31,1,6,0,30.5,78.7,10.3,-0.7,0.0,7.3,86,43
2021-02-01,29.9_78.6,307.0,296.6,8.2,1,2,0,0,29.9,78.6,15.3,1.9,0.0,8.0,94,38
2021-02-01,30.0_78.8,322.9,297.9,28.0,1,2,0,0,30.0,78.8,18.0,5.4,0.0,8.8,93,38
2021-02-01,30.1_79.5,308.2,286.1,24.0,1,2,0,0,30.1,79.5,15.5,3.2,0.0,8.2,80,28
2021-02-01,30.2_78.6,307.5,297.1,8.0,1,2,0,0,30.2,78.6,15.2,-0.4,0.0,7.4,99,48
2021-02-01,30.3_78.9,310.2,292.7,14.7,1,2,0,0,30.3,78.9,14.5,0.5,0.0,8.7,87,48
2021-02-01,30.3_79.3,302.0,290.6,6.2,1,2,0,0,30.3,79.3,19.4,8.0,0.0,3.6,58,38
2021-02-01,30.4_78.9,306.7,292.7,9.6,1,2,0,0,30.4,78.9,15.5,-0.1,0.0,7.8,87,42
2021-02-02,29.9_79.1,312.1,289.3,15.3,2,2,1,0,29.9,79.1,17.2,1.6,0.0,13.4,83,12
2021-02-02,30.3_79.3,302.3,282.4,8.7,2,2,1,1,30.3,79.3,21.0,9.0,0.0,7.6,49,29
2021-02-03,29.7_79.2,307.6,296.3,4.9,3,2,2,0,29.7,79.2,18.1,0.6,0.0,10.2,100,32
2021-02-03,29.7_79.4,328.0,298.9,23.5,3,2,2,0,29.7,79.4,17.8,2.0,0.5,9.7,96,31
2021-02-03,29.8_78.7,309.7,294.4,7.5,3,2,2,0,29.8,78.7,19.8,3.5,0.4,14.2,93,31
2021-02-03,29.9_78.8,305.4,291.4,4.6,3,2,2,0,29.9,78.8,20.2,4.8,1.7,8.9,99,30
2021-02-03,29.9_78.9,304.3,292.6,4.0,3,2,2,0,29.9,78.9,18.4,2.6,2.0,11.0,86,26
2021-02-03,30.1_78.9,314.2,291.9,11.6,3,2,2,0,30.1,78.9,15.8,5.1,3.1,6.0,96,39
2021-02-03,30.3_78.8,300.8,289.1,4.1,3,2,2,0,30.3,78.8,14.1,2.5,3.7,7.9,90,32
2021-02-03,30.4_78.7,304.6,292.6,5.5,3,2,2,0,30.4,78.7,16.0,6.6,6.8,7.7,89,41
2021-02-07,29.6_78.8,323.9,294.1,39.4,7,2,6,0,29.6,78.8,19.8,6.6,0.0,6.8,91,45
2021-02-10,29.5_78.8,312.70000000000005,295.4,11.3,10,2,2,0,29.5,78.8,23.5,11.3,0.0,16.3,94,32
2021-02-10,29.7_79.4,318.7333333333333,298.7,16.366666666666667,10,2,2,0,29.7,79.4,18.3,6.2,0.0,14.4,100,39
2021-02-10,30.0_78.7,308.9,297.3,5.6,10,2,2,0,30.0,78.7,20.0,7.9,0.0,7.6,100,35
2021-02-10,30.0_78.8,310.1,298.0,6.0,10,2,2,0,30.0,78.8,19.1,7.0,0.0,7.6,100,35
2021-02-10,30.0_79.4,309.5,298.0,9.1,10,2,2,0,30.0,79.4,14.6,-0.0,0.7,9.3,86,42
2021-02-12,29.6_78.9,311.0,294.2,8.8,12,2,4,0,29.6,78.9,21.9,11.8,0.0,7.6,97,56
2021-02-12,29.7_79.3,306.7,295.0,4.0,12,2,4,0,29.7,79.3,19.9,5.0,0.0,13.0,98,55
2021-02-12,29.9_78.9,312.0,293.8,8.9,12,2,4,0,29.9,78.9,18.4,4.3,0.0,9.0,96,46
2021-02-12,29.9_79.3,310.1,297.9,6.0,12,2,4,0,29.9,79.3,19.6,5.5,0.0,9.4,87,40
2021-02-12,30.1_78.9,329.96666666666664,297.26666666666665,34.6,12,2,4,0,30.1,78.9,18.1,6.4,0.0,8.4,100,50
2021-02-13,29.6_78.6,303.6,291.9,4.3,13,2,5,0,29.6,78.6,22.1,9.5,0.0,10.1,98,54
2021-02-14,29.6_78.9,322.0,294.0,26.3,14,2,6,0,29.6,78.9,22.9,12.0,0.1,8.0,98,51
2021-02-14,30.1_78.8,304.5,291.6,5.5,14,2,6,0,30.1,78.8,16.7,7.4,2.7,7.2,100,58
2021-02-14,30.5_78.6,324.1,294.0,29.2,14,2,6,0,30.5,78.6,16.7,7.0,2.8,6.2,93,53
2021-02-15,29.6_78.9,315.75,295.875,40.6,15,2,0,1,29.6,78.9,23.8,12.0,0.0,10.0,97,40
2021-02-17,29.8_79.3,325.3,301.1,31.1,17,2,2,0,29.8,79.3,18.7,3.8,0.0,10.8,88,27
2021-02-17,30.3_79.2,302.8,291.0,11.2,17,2,2,0,30.3,79.2,17.5,5.5,0.0,9.5,57,26
2021-02-18,29.6_79.3,307.8,289.2,12.0,18,2,3,0,29.6,79.3,17.2,4.1,0.6,12.0,83,27
2021-02-19,29.8_79.4,312.9,301.0,6.0,19,2,4,0,29.8,79.4,17.0,4.5,0.0,13.4,82,36
2021-02-19,30.3_78.7,312.1,299.2,6.5,19,2,4,0,30.3,78.7,19.0,5.2,0.0,7.2,87,41
2021-02-20,29.7_79.2,305.45,293.15,4.35,20,2,5,0,29.7,79.2,20.1,3.2,0.0,13.5,91,33
2021-02-20,30.2_79.3,302.4,291.1,3.8,20,2,5,0,30.2,79.3,22.4,7.6,0.0,8.8,82,34
2021-02-21,29.9_78.6,311.6,296.9,8.2,21,2,6,0,29.9,78.6,18.8,6.3,0.0,8.3,98,51
2021-02-21,30.3_78.9,311.6,295.9,8.2,21,2,6,0,30.3,78.9,19.0,6.4,0.0,8.4,87,42
2021-02-22,29.6_79.4,310.0,297.6,21.5,22,2,0,0,29.6,79.4,21.0,6.8,0.0,12.4,97,45
2021-02-23,29.5_79.3,308.3,286.1,13.7,23,2,1,0,29.5,79.3,18.9,8.2,0.0,8.2,100,44
2021-02-23,29.9_79.0,312.2,301.1,11.6,23,2,1,0,29.9,79.0,20.6,8.1,0.4,16.0,90,34
2021-02-23,29.9_79.1,318.5,301.9,20.6,23,2,1,0,29.9,79.1,21.8,6.7,0.0,15.5,89,24
2021-02-24,29.6_78.9,314.4,303.5,17.3,24,2,2,0,29.6,78.9,27.9,14.4,0.0,17.4,91,29
2021-02-24,29.9_79.0,314.6,300.4,16.3,24,2,2,1,29.9,79.0,19.5,9.5,0.0,14.4,83,23
2021-02-24,30.3_79.2,334.6,301.8,73.7,24,2,2,0,30.3,79.2,21.3,6.5,0.0,8.3,95,27
2021-02-25,29.5_79.1,311.6,298.5,13.2,25,2,3,0,29.5,79.1,28.6,12.0,0.0,17.0,75,23
2021-02-25,29.8_78.8,310.2,296.8,13.3,25,2,3,0,29.8,78.8,19.9,7.8,0.0,14.9,67,24
2021-02-25,29.8_79.0,308.4,296.1,12.8,25,2,3,0,29.8,79.0,18.5,6.2,0.0,16.4,70,23
2021-02-25,29.9_79.1,308.6,296.0,9.5,25,2,3,0,29.9,79.1,21.7,7.6,0.0,15.6,78,21
2021-02-25,30.0_79.3,313.9,294.8,35.6,25,2,3,0,30.0,79.3,23.6,8.0,0.0,8.7,73,18
2021-02-25,30.2_79.3,302.3,287.0,6.5,25,2,3,0,30.2,79.3,24.5,13.7,0.0,8.7,67,24
2021-02-25,30.5_78.9,305.35,290.2,11.05,25,2,3,0,30.5,78.9,17.5,3.5,0.0,13.6,77,29
2021-02-26,29.7_79.2,330.2,305.2,26.5,26,2,4,0,29.7,79.2,25.4,6.5,0.0,14.2,92,20
2021-02-26,29.7_79.3,321.2,309.3,12.1,26,2,4,0,29.7,79.3,27.6,8.6,0.0,14.2,92,20
2021-02-26,29.7_79.4,321.1,306.4,11.5,26,2,4,0,29.7,79.4,25.0,7.3,0.0,16.7,89,20
2021-02-26,29.8_78.8,316.3,303.9,9.6,26,2,4,1,29.8,78.8,19.8,7.2,0.0,17.1,64,19
2021-02-26,29.8_78.9,315.3,300.29999999999995,7.95,26,2,4,0,29.8,78.9,26.1,13.4,0.0,16.0,65,19
2021-02-26,29.8_79.0,320.55,303.85,14.55,26,2,4,1,29.8,79.0,18.7,6.4,0.0,16.9,63,19
2021-02-26,29.8_79.1,317.5,297.8,14.1,26,2,4,0,29.8,79.1,21.7,9.4,0.0,16.9,64,20
2021-02-26,29.8_79.2,317.5,306.5,7.0,26,2,4,0,29.8,79.2,26.3,7.8,0.0,11.3,83,16
2021-02-26,29.8_79.4,318.5,303.6666666666667,12.666666666666666,26,2,4,0,29.8,79.4,22.9,7.1,0.0,20.4,77,18
2021-02-26,29.9_78.6,317.1,303.5,9.3,26,2,4,0,29.9,78.6,22.1,8.4,0.0,15.2,85,24
2021-02-26,29.9_78.7,314.4,302.3,6.8,26,2,4,0,29.9,78.7,27.4,10.5,0.0,13.4,94,23
2021-02-26,29.9_79.2,322.1,308.1,13.0,26,2,4,0,29.9,79.2,26.8,6.6,0.0,14.2,91,13
2021-02-26,29.9_79.4,324.75,303.9,22.05,26,2,4,0,29.9,79.4,27.9,7.8,0.0,14.2,91,13
2021-02-26,30.0_78.7,316.6,304.3,9.1,26,2,4,0,30.0,78.7,25.2,12.2,0.0,13.2,86,25
2021-02-26,30.0_78.8,317.0,305.8,8.1,26,2,4,0,30.0,78.8,24.3,11.3,0.0,13.2,86,25
2021-02-26,30.0_79.4,319.8,298.2,21.0,26,2,4,0,30.0,79.4,20.4,1.8,0.0,11.7,87,17
2021-02-26,30.1_78.6,318.3,307.2,10.0,26,2,4,0,30.1,78.6,24.1,8.2,0.0,14.4,82,31
2021-02-26,30.1_78.7,323.9,301.9,16.6,26,2,4,0,30.1,78.7,21.9,11.3,0.0,12.0,71,28
2021-02-26,30.2_78.8,315.0,302.5,6.8,26,2,4,0,30.2,78.8,25.3,9.6,0.0,13.0,83,32
2021-02-26,30.3_78.9,313.6,297.6,7.9,26,2,4,0,30.3,78.9,21.2,8.2,0.0,12.1,69,29
2021-02-26,30.3_79.0,333.6,303.5,34.6,26,2,4,0,30.3,79.0,26.4,11.6,0.0,11.5,70,28
2021-02-26,30.3_79.2,321.4,305.8,17.0,26,2,4,0,30.3,79.2,22.6,6.3,0.0,8.9,71,25
2021-02-26,30.3_79.3,310.8,295.8,8.2,26,2,4,0,30.3,79.3,26.2,10.0,0.0,8.9,71,26
2021-02-26,30.4_78.8,316.1,300.2,11.2,26,2,4,0,30.4,78.8,15.8,2.8,0.2,11.8,68,30
2021-02-26,30.5_78.9,313.5,301.0,9.8,26,2,4,1,30.5,78.9,17.3,4.5,0.3,14.2,72,30
2021-02-28,29.6_79.0,313.9,301.8,5.7,28,2,6,0,29.6,79.0,26.8,14.4,0.0,19.9,55,24
2021-02-28,29.6_79.1,312.9,301.8,5.0,28,2,6,0,29.6,79.1,25.0,12.5,0.0,19.9,55,23
2021-02-28,29.9_78.5,312.0,298.4,4.6,28,2,6,0,29.9,78.5,21.5,12.3,0.0,15.3,70,25
2021-02-28,29.9_78.7,318.6,305.4,8.4,28,2,6,0,29.9,78.7,25.6,12.3,0.0,10.2,94,24
2021-02-28,29.9_78.8,312.8,300.9,4.0,28,2,6,0,29.9,78.8,24.7,11.3,0.0,10.2,94,23
2021-02-28,29.9_79.5,310.5,295.2,7.7,28,2,6,0,29.9,79.5,16.9,5.8,0.0,12.8,66,25
2021-02-28,30.1_78.5,311.1,299.7,3.7,28,2,6,0,30.1,78.5,20.8,7.8,0.0,11.6,90,28
2021-02-28,30.1_78.6,319.65,303.75,11.25,28,2,6,0,30.1,78.6,22.2,9.2,0.0,11.6,90,28
2021-03-02,29.8_78.5,323.0,303.2,23.4,2,3,1,0,29.8,78.5,23.2,9.6,0.0,14.8,75,33
2021-03-02,29.8_78.8,318.1,298.5,16.7,2,3,1,0,29.8,78.8,17.3,3.5,0.0,11.5,72,19
2021-03-02,29.8_78.9,312.4,299.0,9.5,2,3,1,0,29.8,78.9,22.8,9.4,0.0,10.5,65,21
2021-03-02,29.9_79.0,310.6,299.04999999999995,6.35,2,3,1,0,29.9,79.0,20.6,3.3,0.0,14.2,80,15
2021-03-02,30.1_79.4,329.0,301.4,29.0,2,3,1,0,30.1,79.4,22.5,6.7,0.0,6.4,63,17
2021-03-02,30.2_78.8,321.06666666666666,302.6666666666667,19.133333333333336,2,3,1,0,30.2,78.8,23.6,8.0,0.0,10.2,72,26
2021-03-03,29.5_79.3,309.2,297.8,17.2,3,3,2,0,29.5,79.3,19.2,9.1,0.0,9.3,76,28
2021-03-03,29.5_79.4,331.75,303.175,90.925,3,3,2,0,29.5,79.4,19.5,3.9,0.0,8.9,92,19
2021-03-03,30.0_78.5,314.2,303.7,17.5,3,3,2,0,30.0,78.5,22.7,9.0,0.0,13.3,82,34
2021-03-03,30.1_79.2,313.3,301.8,22.1,3,3,2,0,30.1,79.2,16.8,6.0,0.0,12.1,82,21
2021-03-03,30.1_79.4,317.3666666666666,298.53333333333336,33.6,3,3,2,1,30.1,79.4,23.0,10.9,0.0,8.9,73,19
2021-03-03,30.1_79.5,320.0,292.4,20.2,3,3,2,0,30.1,79.5,20.9,8.8,0.0,8.9,73,19
2021-03-03,30.2_79.1,326.7,297.0,70.8,3,3,2,0,30.2,79.1,15.7,5.0,0.0,11.3,82,19
2021-03-03,30.2_79.2,317.95,298.55,38.4,3,3,2,0,30.2,79.2,21.8,8.3,0.0,10.1,83,19
2021-03-03,30.2_79.3,313.9,301.4,24.5,3,3,2,0,30.2,79.3,25.1,11.6,0.0,10.1,83,20
2021-03-03,30.2_79.4,307.7,296.2,5.9,3,3,2,0,30.2,79.4,17.8,4.4,0.0,12.0,75,19
2021-03-03,30.3_79.1,317.6,298.1,36.5,3,3,2,0,30.3,79.1,27.0,6.9,0.0,9.0,89,26
2021-03-03,30.3_79.2,325.7,297.6,63.4,3,3,2,0,30.3,79.2,22.9,6.8,0.5,8.6,87,22
2021-03-04,29.6_79.3,312.6,297.9,19.3,4,3,3,0,29.6,79.3,20.2,8.7,0.0,15.3,79,21
2021-03-04,29.8_79.1,331.29999999999995,300.1,67.0,4,3,3,0,29.8,79.1,19.6,8.4,0.0,15.5,66,19
2021-03-04,29.9_78.9,310.3,299.8,15.7,4,3,3,0,29.9,78.9,23.4,6.6,0.0,11.1,85,18
2021-03-04,30.1_79.4,318.5,297.2,29.7,4,3,3,1,30.1,79.4,20.6,11.1,0.0,9.9,75,24
2021-03-04,30.2_78.7,300.6,286.5,5.3,4,3,3,0,30.2,78.7,20.0,6.7,0.0,9.4,65,35
2021-03-04,30.2_78.9,308.2,287.2,10.5,4,3,3,0,30.2,78.9,18.7,6.4,0.0,10.9,71,32
2021-03-04,30.4_78.9,300.4,286.8,5.9,4,3,3,0,30.4,78.9,18.7,2.9,2.4,8.6,95,35
2021-03-05,29.5_79.2,320.29999999999995,307.4,17.450000000000003,5,3,4,0,29.5,79.2,22.6,13.5,0.0,14.8,63,24
2021-03-05,29.5_79.5,321.8,308.1,20.2,5,3,4,0,29.5,79.5,23.2,14.4,0.0,13.6,66,23
2021-03-05,29.6_79.3,323.72,302.2,25.94,5,3,4,1,29.6,79.3,20.8,10.2,0.0,17.1,62,25
2021-03-05,29.6_79.4,316.3,303.2,11.2,5,3,4,0,29.6,79.4,21.0,10.4,0.0,17.1,62,25
2021-03-05,29.7_78.8,315.5,302.5,10.4,5,3,4,0,29.7,78.8,26.4,12.0,0.0,19.2,70,23
2021-03-05,29.8_78.7,315.3666666666667,303.0,13.666666666666666,5,3,4,0,29.8,78.7,24.5,8.9,0.0,16.8,75,22
2021-03-05,29.8_79.2,318.1,306.3,10.1,5,3,4,0,29.8,79.2,23.7,7.0,0.0,12.8,73,18
2021-03-05,29.8_79.3,320.0,306.9,16.4,5,3,4,0,29.8,79.3,22.9,5.0,0.0,17.3,86,18
2021-03-05,29.8_79.5,320.0,291.9,28.75,5,3,4,0,29.8,79.5,20.4,7.9,0.0,20.1,73,18
2021-03-05,29.9_78.8,316.8,304.1,12.1,5,3,4,0,29.9,78.8,25.1,9.0,0.0,11.8,91,20
2021-03-05,29.9_79.1,316.7,305.0,13.6,5,3,4,0,29.9,79.1,20.0,5.8,0.0,16.8,79,16
2021-03-05,30.0_78.5,315.75,302.6,9.4,5,3,4,0,30.0,78.5,22.0,9.6,0.0,18.9,73,22
2021-03-05,30.1_78.9,312.04999999999995,298.0,19.5,5,3,4,0,30.1,78.9,20.6,9.6,0.0,11.9,80,27
2021-03-05,30.1_79.0,315.3666666666666,301.2333333333333,16.733333333333334,5,3,4,0,30.1,79.0,16.7,8.5,0.0,14.4,66,21
2021-03-05,30.1_79.4,316.8,304.3,13.8,5,3,4,1,30.1,79.4,20.6,9.0,0.0,10.1,66,17
2021-03-05,30.2_78.9,316.9,301.8,14.0,5,3,4,1,30.2,78.9,19.0,5.9,0.0,12.6,72,23
2021-03-05,30.2_79.3,320.2,302.8,20.3,5,3,4,0,30.2,79.3,22.6,11.5,0.0,9.3,76,21
2021-03-05,30.3_78.7,317.6,305.7,12.6,5,3,4,0,30.3,78.7,22.3,6.1,0.0,9.8,81,26
2021-03-05,30.4_79.0,315.2,302.3,10.8,5,3,4,0,30.4,79.0,24.1,8.0,0.0,10.0,73,27
2021-03-06,29.6_79.2,308.2,298.2,7.3,6,3,5,0,29.6,79.2,23.4,11.9,0.0,14.5,66,35
2021-03-06,29.8_79.5,312.1,293.5,16.35,6,3,5,1,29.8,79.5,21.6,6.0,0.0,18.1,83,26
2021-03-06,30.0_78.6,308.6,298.5,7.2,6,3,5,0,30.0,78.6,21.9,5.9,0.0,12.7,87,28
2021-03-06,30.2_79.0,313.1,296.1,13.4,6,3,5,0,30.2,79.0,20.5,6.1,0.0,12.7,72,21
2021-03-06,30.3_78.9,303.7,290.93333333333334,16.366666666666667,6,3,5,0,30.3,78.9,20.7,6.7,0.0,12.3,73,29
2021-03-07,30.1_78.5,315.4,295.9,10.55,7,3,6,0,30.1,78.5,21.5,8.7,0.1,9.7,86,34
2021-03-09,29.7_79.4,320.7,307.9,9.2,9,3,1,0,29.7,79.4,23.5,8.1,0.0,11.7,92,25
2021-03-09,29.9_78.8,318.6,305.4,8.8,9,3,1,0,29.9,78.8,27.0,10.3,0.0,10.2,95,24
2021-03-09,29.9_79.0,313.3,296.9,8.4,9,3,1,0,29.9,79.0,20.3,8.1,0.0,14.0,78,23
2021-03-09,30.0_78.8,323.4,302.9,14.5,9,3,1,0,30.0,78.8,25.3,10.7,0.0,10.4,86,25
2021-03-10,29.7_79.4,316.2,302.9,32.1,10,3,2,1,29.7,79.4,23.7,8.6,0.4,14.5,90,27
2021-03-11,29.6_79.0,301.3,290.2,6.0,11,3,3,0,29.6,79.0,29.1,17.4,0.0,10.0,59,26
2021-03-11,29.8_78.8,310.5,297.9,10.5,11,3,3,0,29.8,78.8,19.3,10.1,0.1,11.2,61,28
2021-03-11,30.0_78.5,300.3,287.9,5.8,11,3,3,0,30.0,78.5,24.5,11.0,0.0,9.6,82,29
2021-03-11,30.2_78.6,319.9,305.8,20.4,11,3,3,0,30.2,78.6,22.7,10.0,0.0,9.0,70,26
2021-03-11,30.3_78.9,310.29999999999995,299.15,8.45,11,3,3,0,30.3,78.9,21.5,10.0,0.0,7.9,69,23
2021-03-13,29.6_79.4,313.0,298.25,14.95,13,3,5,0,29.6,79.4,22.3,11.0,0.0,15.1,88,32
2021-03-13,29.7_78.8,311.5,297.4,11.7,13,3,5,0,29.7,78.8,27.8,13.7,0.0,15.9,79,30
2021-03-13,30.2_78.6,301.9,289.2,5.7,13,3,5,0,30.2,78.6,23.0,9.9,0.0,12.5,83,31
2021-03-13,30.2_78.8,316.1,299.0,16.7,13,3,5,0,30.2,78.8,25.6,12.5,0.0,12.5,84,31
2021-03-13,30.3_78.7,324.70000000000005,298.54999999999995,33.25,13,3,5,0,30.3,78.7,24.1,8.9,0.0,9.8,84,29
2021-03-14,29.5_79.2,324.5,302.5,17.7,14,3,6,0,29.5,79.2,23.2,14.8,0.0,10.7,73,30
2021-03-14,29.8_78.7,324.6,304.4,16.5,14,3,6,0,29.8,78.7,24.4,9.6,0.0,14.5,93,35
2021-03-14,29.8_79.0,319.4,304.2,10.6,14,3,6,0,29.8,79.0,17.2,6.4,0.1,13.2,82,32
2021-03-14,29.9_78.7,311.1,299.2,23.4,14,3,6,0,29.9,78.7,27.4,12.0,0.0,10.8,94,33
2021-03-14,29.9_79.0,320.8,306.2,12.4,14,3,6,0,29.9,79.0,21.1,7.3,0.0,15.2,92,30
2021-03-14,30.0_78.6,317.65,303.6,9.5,14,3,6,0,30.0,78.6,21.9,11.2,0.0,12.0,79,36
2021-03-14,30.0_78.7,323.7,306.6,14.1,14,3,6,0,30.0,78.7,26.1,13.9,0.0,11.5,80,30
2021-03-14,30.1_78.6,321.5,307.0,12.2,14,3,6,0,30.1,78.6,24.1,9.2,0.0,12.3,88,34
2021-03-14,30.1_78.9,319.9,301.65,29.625,14,3,6,0,30.1,78.9,22.8,10.1,0.0,12.8,84,36
2021-03-14,30.2_78.8,318.7,299.3,50.0,14,3,6,1,30.2,78.8,25.0,10.6,0.0,11.2,89,39
2021-03-14,30.2_78.9,320.4,306.6,10.9,14,3,6,0,30.2,78.9,21.2,8.7,0.0,11.2,79,32
2021-03-14,30.4_79.0,330.9,305.6,25.7,14,3,6,0,30.4,79.0,26.1,10.9,0.0,8.5,87,31
2021-03-15,29.7_78.8,313.0,300.8,6.6,15,3,0,0,29.7,78.8,28.0,13.1,0.0,14.8,81,32
2021-03-15,29.7_78.9,313.3,300.9,6.4,15,3,0,0,29.7,78.9,26.5,14.4,0.0,14.3,73,32
2021-03-15,30.3_78.7,300.2,288.5,6.9,15,3,0,0,30.3,78.7,25.1,10.6,0.0,10.3,86,30
2021-03-15,30.4_79.1,314.8,277.4,22.6,15,3,0,0,30.4,79.1,21.8,8.1,0.0,10.4,71,20
2021-03-15,30.4_79.4,313.2,301.6,8.7,15,3,0,0,30.4,79.4,25.4,10.2,0.0,10.0,74,22
2021-03-16,29.5_79.3,324.1,301.0,14.5,16,3,1,0,29.5,79.3,20.1,11.0,0.0,10.5,74,20
2021-03-16,29.6_79.4,315.3,303.0,6.8,16,3,1,0,29.6,79.4,23.1,10.2,0.0,13.7,80,22
2021-03-16,29.7_78.9,325.5,303.9,15.5,16,3,1,1,29.7,78.9,26.6,14.7,0.0,17.0,68,28
2021-03-16,29.7_79.1,318.3,302.8,7.5,16,3,1,0,29.7,79.1,24.4,9.5,0.0,14.9,75,30
2021-03-16,29.8_78.6,314.6,301.2,6.9,16,3,1,0,29.8,78.6,27.1,13.6,0.0,18.1,76,29
2021-03-16,29.8_78.7,325.8,304.2,16.3,16,3,1,0,29.8,78.7,26.0,11.2,0.0,16.2,82,29
2021-03-16,29.8_78.9,317.06666666666666,301.06666666666666,8.233333333333333,16,3,1,0,29.8,78.9,25.7,12.9,0.0,15.2,70,29
2021-03-16,29.8_79.2,324.4,306.2,12.2,16,3,1,0,29.8,79.2,25.7,9.2,0.0,14.1,79,24
2021-03-16,29.8_79.3,317.9,303.8,4.9,16,3,1,0,29.8,79.3,25.3,8.2,0.0,17.1,90,22
2021-03-16,29.9_78.6,316.8,303.8,7.1,16,3,1,0,29.9,78.6,23.0,8.5,0.0,13.5,85,31
2021-03-16,29.9_78.7,318.5,304.5,8.8,16,3,1,0,29.9,78.7,28.7,11.3,0.0,12.6,94,25
2021-03-16,29.9_78.8,321.9,305.8,8.7,16,3,1,0,29.9,78.8,27.8,10.4,0.0,12.6,94,25
2021-03-16,29.9_79.4,322.4,301.25,13.3,16,3,1,0,29.9,79.4,26.8,9.9,0.0,13.6,88,21
2021-03-16,30.0_78.8,321.9,305.2,10.4,16,3,1,0,30.0,78.8,26.1,13.1,0.0,13.3,75,26
2021-03-16,30.2_78.7,321.7,304.6,9.0,16,3,1,0,30.2,78.7,23.1,12.0,0.0,10.7,70,29
2021-03-16,30.2_79.0,305.55,277.3,31.25,16,3,1,0,30.2,79.0,21.5,8.7,0.0,11.5,72,25
2021-03-16,30.4_79.1,318.45,298.65,11.1,16,3,1,1,30.4,79.1,20.8,10.1,0.0,8.6,64,25
2021-03-17,29.5_79.3,309.8,297.5,4.2,17,3,2,1,29.5,79.3,20.1,11.5,0.0,11.9,61,20
2021-03-17,29.6_79.1,315.4,301.8,6.9,17,3,2,0,29.6,79.1,27.2,14.8,0.0,20.9,59,24
2021-03-17,29.7_79.1,317.7,301.8,8.7,17,3,2,1,29.7,79.1,25.1,10.5,0.0,16.9,67,26
2021-03-17,29.9_78.6,320.3,301.1,12.5,17,3,2,1,29.9,78.6,23.2,10.4,0.0,14.2,76,23
2021-03-17,29.9_79.0,315.9,301.6,6.9,17,3,2,0,29.9,79.0,21.5,8.0,0.0,16.2,81,19
2021-03-17,29.9_79.4,310.2,296.6,4.4,17,3,2,1,29.9,79.4,27.8,9.1,0.0,10.6,90,14
2021-03-17,30.0_78.6,325.8,304.5,18.4,17,3,2,0,30.0,78.6,23.1,13.1,0.0,13.9,70,25
2021-03-17,30.1_78.8,314.0,300.7,5.4,17,3,2,0,30.1,78.8,22.7,12.9,0.0,12.1,67,24
2021-03-17,30.1_79.3,315.2,295.8,8.7,17,3,2,0,30.1,79.3,15.8,6.6,1.2,9.2,78,28
2021-03-17,30.1_79.4,309.5,291.6,45.4,17,3,2,0,30.1,79.4,22.6,12.2,0.1,9.7,69,21
2021-03-17,30.2_78.5,316.7,303.4,8.0,17,3,2,0,30.2,78.5,18.1,2.2,0.0,11.2,86,28
2021-03-17,30.2_78.6,319.8,303.1,10.5,17,3,2,0,30.2,78.6,23.4,9.0,0.0,11.2,78,30
2021-03-17,30.2_79.0,312.5,296.8,5.7,17,3,2,1,30.2,79.0,21.0,8.9,0.0,11.0,66,24
2021-03-18,29.5_78.6,316.0,299.8,9.7,18,3,3,0,29.5,78.6,31.5,14.2,0.0,16.7,74,24
2021-03-18,29.6_79.1,315.8,299.5,10.2,18,3,3,1,29.6,79.1,28.8,14.8,0.0,17.1,51,20
2021-03-18,29.7_79.5,321.3,305.2,11.5,18,3,3,0,29.7,79.5,25.2,8.9,0.0,16.0,80,20
2021-03-18,29.8_78.6,318.4,298.5,15.4,18,3,3,0,29.8,78.6,29.3,13.8,0.0,15.6,65,22
2021-03-18,29.8_79.3,317.7,304.3,8.7,18,3,3,0,29.8,79.3,26.1,8.8,0.0,15.9,73,19
2021-03-18,29.9_79.0,324.55,291.54999999999995,30.1,18,3,3,1,29.9,79.0,22.4,8.7,0.0,14.1,66,17
2021-03-18,30.1_78.5,325.2,300.70000000000005,23.8,18,3,3,0,30.1,78.5,24.8,8.5,0.0,9.4,75,18
2021-03-18,30.1_78.8,323.9,293.9,100.2,18,3,3,1,30.1,78.8,23.6,12.9,0.0,10.2,61,20
2021-03-18,30.1_78.9,320.9,293.5,78.4,18,3,3,0,30.1,78.9,24.2,13.5,0.0,8.8,66,21
2021-03-18,30.2_78.5,319.5,304.8,11.6,18,3,3,1,30.2,78.5,19.1,1.7,0.0,8.2,82,22
2021-03-18,30.2_79.0,313.1,292.9666666666667,13.0,18,3,3,1,30.2,79.0,21.8,9.3,0.0,9.7,58,17
2021-03-18,30.2_79.3,312.4,299.8,6.2,18,3,3,0,30.2,79.3,25.7,12.2,0.0,9.2,75,18
2021-03-18,30.3_78.7,320.675,292.75,23.35,18,3,3,0,30.3,78.7,25.1,9.4,0.0,6.7,78,25
2021-03-18,30.3_78.9,316.4,304.0,8.7,18,3,3,0,30.3,78.9,22.7,9.3,0.0,9.4,64,22
2021-03-18,30.3_79.2,316.2,304.2,11.0,18,3,3,0,30.3,79.2,24.2,9.4,0.1,6.2,62,18
2021-03-19,29.5_78.6,317.8,304.3,19.2,19,3,4,1,29.5,78.6,31.4,16.1,0.0,17.9,68,25
2021-03-19,29.6_79.3,318.25,303.7,24.6,19,3,4,0,29.6,79.3,24.5,10.6,0.0,11.8,63,18
2021-03-19,29.7_79.2,316.3,301.6,9.7,19,3,4,0,29.7,79.2,26.0,8.0,0.0,13.3,77,22
2021-03-19,29.8_78.7,319.4,301.6,28.0,19,3,4,0,29.8,78.7,27.9,12.3,0.0,13.9,64,22
2021-03-19,29.8_79.1,312.0,298.7,7.2,19,3,4,0,29.8,79.1,22.5,12.8,0.3,13.4,63,24
2021-03-19,29.9_78.6,315.8,303.1,9.5,19,3,4,0,29.9,78.6,24.9,10.2,0.0,12.0,76,21
2021-03-19,30.1_78.5,313.0,299.5,7.6,19,3,4,1,30.1,78.5,25.3,8.6,0.0,12.1,73,19
2021-03-19,30.1_78.6,324.2,306.6,36.1,19,3,4,0,30.1,78.6,26.7,10.0,0.0,12.1,73,20
2021-03-19,30.2_78.8,326.25,307.35,45.95,19,3,4,0,30.2,78.8,27.2,13.7,0.0,9.0,61,22
2021-03-19,30.3_78.7,319.7,305.0,25.3,19,3,4,1,30.3,78.7,25.6,11.4,0.0,8.1,68,21
2021-03-19,30.4_78.8,321.04999999999995,297.6,42.85,19,3,4,0,30.4,78.8,17.6,7.0,0.0,8.7,67,21
2021-03-20,29.7_79.1,300.7,289.0,5.4,20,3,5,0,29.7,79.1,24.8,11.8,0.0,15.9,71,29
2021-03-20,29.8_79.2,317.6,302.1,18.8,20,3,5,0,29.8,79.2,25.8,9.4,1.5,14.0,68,25
2021-03-20,30.2_78.5,311.8,299.0,16.4,20,3,5,0,30.2,78.5,18.8,3.2,0.0,10.3,79,26
2021-03-20,30.3_78.9,314.7,302.0,15.8,20,3,5,0,30.3,78.9,23.5,11.6,0.0,13.1,68,23
2021-03-21,29.5_79.2,317.9,303.8,9.9,21,3,6,0,29.5,79.2,25.3,14.2,0.0,10.5,72,29
2021-03-21,29.7_79.0,322.3,304.1,18.05,21,3,6,0,29.7,79.0,26.7,16.6,0.0,12.6,57,29
2021-03-21,29.7_79.3,318.4,304.7,11.2,21,3,6,0,29.7,79.3,27.0,10.9,0.0,12.1,89,27
2021-03-21,30.3_78.7,337.15,308.075,50.325,21,3,6,0,30.3,78.7,24.9,10.4,0.0,8.9,82,30
2021-03-21,30.3_78.9,322.1,301.4,17.6,21,3,6,1,30.3,78.9,22.9,10.2,0.0,12.0,70,25
2021-03-21,30.4_78.7,316.9,300.3,13.6,21,3,6,0,30.4,78.7,24.8,10.8,0.0,10.4,77,28
2021-03-21,30.4_78.8,315.1,299.0,11.2,21,3,6,0,30.4,78.8,17.1,4.5,0.0,9.3,73,28
2021-03-22,29.6_79.2,317.20000000000005,295.9,16.1,22,3,0,0,29.6,79.2,26.1,17.0,0.7,16.3,51,31
2021-03-22,29.9_78.9,312.7,294.0,10.7,22,3,0,0,29.9,78.9,24.4,10.0,0.6,10.6,78,28
2021-03-22,30.1_78.8,327.0,298.9,27.3,22,3,0,0,30.1,78.8,21.1,13.8,2.3,15.1,70,37
2021-03-22,30.4_79.4,314.0,296.7,13.7,22,3,0,0,30.4,79.4,23.1,11.8,0.1,10.1,66,33
2021-03-23,29.6_79.2,326.0,302.6,14.2,23,3,1,1,29.6,79.2,26.2,17.7,0.2,15.8,52,30
2021-03-23,29.6_79.4,322.4,302.2,12.5,23,3,1,0,29.6,79.4,21.8,11.5,0.7,9.4,70,31
2021-03-23,29.7_79.2,322.5,306.3,10.0,23,3,1,0,29.7,79.2,23.4,8.9,0.6,11.1,82,34
2021-03-23,29.8_78.8,321.15,299.65,10.8,23,3,1,0,29.8,78.8,19.4,11.3,0.0,11.4,58,26
2021-03-24,29.6_78.8,315.6,301.3,8.3,24,3,2,0,29.6,78.8,29.4,15.4,0.0,16.3,67,18
2021-03-24,29.7_78.8,307.45000000000005,296.15,8.15,24,3,2,0,29.7,78.8,28.7,14.6,0.1,14.8,66,17
2021-03-24,29.7_78.9,303.1,289.5,10.0,24,3,2,0,29.7,78.9,27.1,13.5,0.0,15.6,61,16
2021-03-24,29.9_78.9,317.2,303.1,6.85,24,3,2,0,29.9,78.9,25.0,8.8,0.0,14.8,84,21
2021-03-24,30.0_78.5,323.8,300.5,13.5,24,3,2,0,30.0,78.5,23.8,11.6,0.0,15.0,74,25
2021-03-24,30.1_78.6,300.1,288.6,9.8,24,3,2,0,30.1,78.6,24.3,9.6,0.1,12.3,83,25
2021-03-25,29.6_79.1,318.5,303.9,9.4,25,3,3,0,29.6,79.1,25.7,13.4,0.0,17.3,62,26
2021-03-25,29.7_78.8,313.7,299.1,8.2,25,3,3,1,29.7,78.8,26.7,11.5,0.0,16.2,70,28
2021-03-25,29.7_78.9,320.9,306.5,11.6,25,3,3,1,29.7,78.9,25.6,14.5,0.0,15.9,58,25
2021-03-25,29.9_78.7,318.55,303.35,8.55,25,3,3,0,29.9,78.7,27.2,11.0,0.0,11.3,84,24
2021-03-25,29.9_78.9,318.0,301.6,11.4,25,3,3,1,29.9,78.9,24.3,7.7,0.0,10.7,77,20
2021-03-25,30.0_78.6,319.1,301.7,10.8,25,3,3,0,30.0,78.6,21.8,10.2,0.0,13.0,74,30
2021-03-25,30.0_78.7,325.9,305.1,16.3,25,3,3,0,30.0,78.7,25.6,13.5,0.0,11.5,65,24
2021-03-25,30.0_79.3,332.15,299.0,30.35,25,3,3,0,30.0,79.3,21.6,7.2,0.0,9.2,72,22
2021-03-25,30.2_78.7,328.3,310.0,15.5,25,3,3,0,30.2,78.7,21.9,9.7,0.0,9.9,64,25
2021-03-25,30.3_78.6,326.79999999999995,310.35,16.0,25,3,3,0,30.3,78.6,21.6,7.1,0.0,11.7,78,26
2021-03-25,30.3_78.7,300.0,286.3,11.9,25,3,3,0,30.3,78.7,23.2,7.6,0.0,9.4,78,28
2021-03-25,30.3_78.9,322.45000000000005,301.95000000000005,14.95,25,3,3,0,30.3,78.9,21.7,8.5,0.0,12.3,72,21
2021-03-26,29.6_78.8,308.15,295.70000000000005,6.4,26,3,4,0,29.6,78.8,28.3,14.6,0.0,11.8,73,32
2021-03-26,29.6_78.9,307.6,291.0,8.4,26,3,4,0,29.6,78.9,28.6,14.9,0.0,11.8,73,32
2021-03-26,29.6_79.1,314.8,304.1,6.3,26,3,4,1,29.6,79.1,26.6,13.7,0.0,12.8,72,31
2021-03-26,29.7_78.7,320.7,304.0,13.5,26,3,4,0,29.7,78.7,26.0,12.9,0.0,11.0,69,31
2021-03-26,29.7_79.3,341.34000000000003,307.54,212.78000000000003,26,3,4,0,29.7,79.3,27.8,9.1,0.0,14.8,91,22
2021-03-26,30.1_78.9,315.6,302.4,6.8,26,3,4,0,30.1,78.9,24.7,8.3,0.0,11.6,75,25
2021-03-26,30.2_78.5,320.95000000000005,302.75,13.6,26,3,4,0,30.2,78.5,19.0,1.8,0.0,11.7,87,21
2021-03-26,30.3_78.5,324.3,309.35,47.1,26,3,4,0,30.3,78.5,27.1,10.1,0.0,7.4,85,25
2021-03-26,30.3_78.8,315.4,302.25,20.45,26,3,4,0,30.3,78.8,23.4,8.2,0.0,10.0,73,20
2021-03-26,30.4_78.9,311.4,295.4,6.9,26,3,4,0,30.4,78.9,24.3,5.8,0.0,7.8,73,16
2021-03-27,29.6_78.8,304.4,292.6,7.0,27,3,5,1,29.6,78.8,29.8,15.1,0.0,10.4,83,29
2021-03-27,29.9_78.8,317.8,305.0,12.3,27,3,5,0,29.9,78.8,29.0,11.8,0.0,10.5,92,25
2021-03-27,30.0_79.3,325.1666666666667,293.46666666666664,97.5,27,3,5,0,30.0,79.3,24.4,9.6,0.1,13.9,78,24
2021-03-27,30.1_78.9,315.2333333333333,303.6666666666667,12.033333333333331,27,3,5,1,30.1,78.9,25.4,11.3,0.0,11.9,80,27
2021-03-27,30.2_79.4,320.0,298.0,22.4,27,3,5,0,30.2,79.4,20.7,7.0,0.0,10.4,69,25
2021-03-27,30.4_79.3,310.3,294.6,11.2,27,3,5,0,30.4,79.3,26.3,14.5,0.0,10.9,63,20
2021-03-28,29.6_78.8,312.3,296.76666666666665,14.066666666666665,28,3,6,1,29.6,78.8,30.7,16.3,0.0,11.6,75,27
2021-03-28,29.7_78.8,319.1,301.2,19.6,28,3,6,0,29.7,78.8,29.4,15.6,0.0,12.2,74,29
2021-03-28,29.7_79.0,317.8,300.4,16.1,28,3,6,0,29.7,79.0,27.5,17.8,0.0,13.8,66,30
2021-03-28,29.9_78.8,316.6,302.0,9.9,28,3,6,1,29.9,78.8,29.3,13.6,0.0,10.2,90,28
2021-03-28,29.9_79.4,313.5,299.8,15.7,28,3,6,0,29.9,79.4,28.1,11.9,0.0,10.5,82,26
2021-03-28,30.0_78.8,327.3,301.75,37.1,28,3,6,0,30.0,78.8,27.9,15.1,0.1,8.4,73,30
2021-03-28,30.0_78.9,315.3,298.0,15.2,28,3,6,0,30.0,78.9,19.2,5.7,0.3,15.3,78,29
2021-03-28,30.1_78.6,318.6,303.4,14.0,28,3,6,0,30.1,78.6,27.2,11.5,0.1,13.7,87,33
2021-03-28,30.3_78.7,317.6,302.8,15.6,28,3,6,0,30.3,78.7,26.1,11.8,0.0,8.7,85,34
2021-03-28,30.4_78.7,317.2,300.6,20.6,28,3,6,0,30.4,78.7,25.9,11.9,0.0,8.6,79,36
2021-03-28,30.4_79.0,316.1,294.1,23.25,28,3,6,0,30.4,79.0,28.9,13.4,0.2,9.7,66,27
2021-03-29,29.8_78.6,303.0,291.2,5.6,29,3,0,0,29.8,78.6,31.3,19.6,0.0,13.9,57,27
2021-03-29,29.8_78.7,306.35,291.65,7.199999999999999,29,3,0,0,29.8,78.7,29.0,15.7,0.0,8.9,74,27
2021-03-29,30.3_78.9,303.0,290.9,4.8,29,3,0,0,30.3,78.9,23.9,10.7,0.0,6.1,76,31
2021-03-29,30.3_79.2,303.3,287.1,6.3,29,3,0,0,30.3,79.2,25.4,11.9,0.4,4.3,59,23
2021-03-30,29.5_79.1,324.4,307.0,12.3,30,3,1,0,29.5,79.1,33.5,19.1,0.0,16.7,58,19
2021-03-30,29.5_79.4,327.0,312.2,15.0,30,3,1,0,29.5,79.4,22.8,7.8,0.1,10.7,83,24
2021-03-30,29.7_78.5,327.0,311.1,12.7,30,3,1,0,29.7,78.5,34.9,18.9,0.0,13.5,60,20
2021-03-30,29.8_78.8,318.5,305.9,5.8,30,3,1,0,29.8,78.8,23.1,10.6,0.0,15.3,65,24
2021-03-30,29.9_78.5,321.20000000000005,306.75,8.45,30,3,1,0,29.9,78.5,28.3,15.9,0.3,13.0,71,23
2021-03-30,30.1_78.5,325.45000000000005,307.15,13.2,30,3,1,0,30.1,78.5,27.3,11.2,0.2,13.1,72,23
2021-03-30,30.1_78.6,323.7,309.1,8.3,30,3,1,0,30.1,78.6,28.7,12.6,0.2,13.1,72,23
2021-03-30,30.1_78.7,320.9,307.6,6.1,30,3,1,0,30.1,78.7,26.6,14.8,0.0,12.9,69,21
2021-03-30,30.2_78.5,327.5,313.3,11.7,30,3,1,0,30.2,78.5,21.2,4.6,0.0,9.2,77,22
2021-03-30,30.2_78.6,327.3,310.1,12.6,30,3,1,0,30.2,78.6,26.6,10.3,0.0,11.3,70,25
2021-03-30,30.2_79.3,319.4,304.6,11.1,30,3,1,0,30.2,79.3,28.7,15.0,0.2,8.2,79,23
2021-03-30,30.2_79.4,338.15,298.54999999999995,46.05,30,3,1,0,30.2,79.4,21.0,7.1,0.0,11.2,64,22
2021-03-30,30.3_78.8,323.6,301.1,16.6,30,3,1,0,30.3,78.8,25.3,8.5,0.0,11.2,71,20
2021-03-30,30.3_78.9,324.40000000000003,305.90000000000003,15.166666666666666,30,3,1,1,30.3,78.9,25.8,9.0,0.0,11.2,71,20
2021-03-30,30.3_79.1,321.4,304.15,14.85,30,3,1,0,30.3,79.1,30.7,11.6,0.0,8.5,76,21
2021-03-30,30.3_79.2,325.76666666666665,304.46666666666664,16.5,30,3,1,1,30.3,79.2,27.1,9.0,0.2,9.9,65,16
2021-03-30,30.4_79.2,325.0,302.3,19.2,30,3,1,0,30.4,79.2,25.2,7.0,0.0,9.5,72,19
2021-03-31,29.5_79.1,310.4,293.6,12.62,31,3,2,1,29.5,79.1,31.4,16.3,0.0,22.9,67,11
2021-03-31,29.6_79.1,301.2,289.2,12.3,31,3,2,0,29.6,79.1,29.2,16.4,0.0,24.2,71,14
2021-03-31,29.7_79.1,323.5,306.9,14.3,31,3,2,0,29.7,79.1,27.5,12.3,0.0,16.3,78,15
2021-03-31,29.7_79.2,315.5,304.4,5.9,31,3,2,0,29.7,79.2,27.6,10.9,0.0,16.8,89,15
2021-03-31,29.8_78.8,318.4,302.9,7.8,31,3,2,1,29.8,78.8,22.0,8.9,0.0,18.0,66,13
2021-03-31,29.9_78.7,325.2,306.2,14.8,31,3,2,0,29.9,78.7,30.0,16.3,0.0,14.8,91,14
2021-03-31,29.9_79.0,315.1,297.6,9.5,31,3,2,0,29.9,79.0,23.3,10.6,0.0,18.8,89,13
2021-03-31,30.0_78.6,300.55,288.2,7.15,31,3,2,0,30.0,78.6,24.2,13.8,0.0,17.8,80,20
2021-03-31,30.1_78.6,319.6,306.6,7.2,31,3,2,1,30.1,78.6,25.7,12.3,0.0,15.7,87,21
2021-03-31,30.2_78.5,317.9,305.8,5.7,31,3,2,1,30.2,78.5,19.2,4.6,0.0,15.0,89,19
2021-03-31,30.2_78.7,300.0,289.9,6.2,31,3,2,0,30.2,78.7,23.7,10.1,0.0,14.0,92,24
2021-03-31,30.3_78.8,319.1,301.1,11.4,31,3,2,1,30.3,78.8,23.1,10.3,0.0,14.6,65,21
2021-04-01,29.5_79.0,315.9,305.6,6.4,1,4,3,0,29.5,79.0,28.6,11.4,0.0,23.2,50,11
2021-04-01,29.5_79.1,327.26666666666665,308.2333333333333,17.96666666666667,1,4,3,1,29.5,79.1,28.8,11.6,0.0,23.2,50,12
2021-04-01,29.5_79.4,331.04999999999995,310.9,18.4,1,4,3,0,29.5,79.4,19.8,7.0,0.0,12.7,44,13
2021-04-01,29.6_79.1,330.9,303.45000000000005,22.45,1,4,3,1,29.6,79.1,27.0,14.3,0.0,25.7,37,12
2021-04-01,29.6_79.2,325.1,308.6,12.4,1,4,3,0,29.6,79.2,26.1,12.7,0.0,23.9,40,15
2021-04-01,29.6_79.3,331.96666666666664,311.2333333333333,20.33333333333333,1,4,3,0,29.6,79.3,22.9,11.4,0.0,20.4,39,15
2021-04-01,29.7_78.8,323.76666666666665,306.56666666666666,12.2,1,4,3,0,29.7,78.8,28.3,11.9,0.0,23.1,52,12
2021-04-01,29.7_79.3,321.0,308.6,6.4,1,4,3,0,29.7,79.3,27.5,10.0,0.0,18.0,65,18
2021-04-01,29.7_79.4,320.4,308.5,6.4,1,4,3,0,29.7,79.4,25.0,8.3,0.0,20.9,59,18
2021-04-01,29.8_78.5,315.1,304.7,5.0,1,4,3,0,29.8,78.5,27.7,14.9,0.0,23.5,38,12
2021-04-01,29.8_78.6,327.5,306.25,17.1,1,4,3,0,29.8,78.6,27.8,15.0,0.0,23.5,38,12
2021-04-01,29.8_78.7,326.21666666666664,307.3833333333334,13.783333333333331,1,4,3,0,29.8,78.7,26.0,9.2,0.0,20.3,58,14
2021-04-01,29.8_78.8,321.7,305.55,10.8,1,4,3,1,29.8,78.8,19.5,6.9,0.0,20.3,48,18
2021-04-01,29.8_78.9,319.4,304.6,7.9,1,4,3,0,29.8,78.9,25.7,12.6,0.0,20.3,42,14
2021-04-01,29.8_79.4,322.9,310.1,8.0,1,4,3,0,29.8,79.4,22.9,8.3,0.0,23.8,55,15
2021-04-01,29.9_78.6,323.5,304.5,11.0,1,4,3,0,29.9,78.6,22.5,8.7,0.0,19.2,62,15
2021-04-01,29.9_78.7,322.3,307.7,10.3,1,4,3,1,29.9,78.7,27.8,11.9,0.0,16.8,63,15
2021-04-01,29.9_78.8,323.5,310.9,8.2,1,4,3,0,29.9,78.8,26.8,11.0,0.0,16.8,62,15
2021-04-01,29.9_78.9,327.5,308.6,14.3,1,4,3,0,29.9,78.9,24.9,11.3,0.0,15.9,46,14
2021-04-01,29.9_79.0,321.75,307.1,10.95,1,4,3,1,29.9,79.0,20.9,9.1,0.0,21.0,48,14
2021-04-01,29.9_79.3,316.9,306.29999999999995,6.8,1,4,3,0,29.9,79.3,27.3,7.8,0.0,15.2,63,10
2021-04-01,29.9_79.5,313.9,301.7,6.9,1,4,3,0,29.9,79.5,20.5,2.8,0.0,17.8,69,10
2021-04-01,30.0_78.8,323.95,310.29999999999995,9.6,1,4,3,0,30.0,78.8,24.7,13.2,0.0,16.9,48,17
2021-04-01,30.1_78.5,319.0,304.85,7.8,1,4,3,0,30.1,78.5,22.5,7.7,0.0,17.1,63,18
2021-04-01,30.1_78.8,315.6666666666667,300.40000000000003,12.6,1,4,3,0,30.1,78.8,22.2,11.4,0.0,15.6,51,19
2021-04-01,30.1_78.9,330.0,305.6,19.8,1,4,3,0,30.1,78.9,21.9,11.6,0.0,15.7,46,21
2021-04-01,30.2_78.7,335.175,309.925,24.175,1,4,3,1,30.2,78.7,21.7,10.8,0.0,15.2,46,24
2021-04-01,30.2_78.8,333.78000000000003,305.46,33.42,1,4,3,0,30.2,78.8,24.7,12.1,0.0,16.1,55,22
2021-04-01,30.2_78.9,321.5333333333333,307.7666666666667,9.633333333333333,1,4,3,0,30.2,78.9,21.2,8.5,0.0,15.0,53,18
2021-04-01,30.2_79.3,318.0,302.45,8.25,1,4,3,0,30.2,79.3,25.0,12.2,0.0,12.0,64,17
2021-04-01,30.2_79.4,313.3333333333333,293.3333333333333,16.900000000000002,1,4,3,0,30.2,79.4,17.8,3.7,0.0,12.2,68,14
2021-04-01,30.3_78.6,344.6,301.9,53.150000000000006,1,4,3,0,30.3,78.6,21.7,7.6,0.0,13.6,63,23
2021-04-01,30.3_78.7,322.9,307.8,8.9,1,4,3,0,30.3,78.7,23.7,8.3,0.0,12.9,72,21
2021-04-01,30.4_78.7,323.6,304.75,13.0,1,4,3,0,30.4,78.7,23.6,7.7,0.0,12.9,71,24
2021-04-01,30.4_78.9,315.2,302.5,6.6,1,4,3,0,30.4,78.9,21.2,5.4,1.3,11.6,65,22
2021-04-02,29.5_78.6,317.1,306.1,4.4,2,4,4,0,29.5,78.6,30.9,14.4,0.0,18.0,41,15
2021-04-02,29.5_79.0,317.3,302.2,8.1,2,4,4,1,29.5,79.0,29.8,12.0,0.0,20.2,42,11
2021-04-02,29.5_79.2,323.8,305.8,12.7,2,4,4,0,29.5,79.2,25.3,14.4,0.0,17.6,45,13
2021-04-02,29.6_78.5,325.5,308.45,10.6,2,4,4,0,29.6,78.5,30.3,11.8,0.0,15.8,58,16
2021-04-02,29.6_79.0,315.1,294.8,13.3,2,4,4,0,29.6,79.0,29.8,14.1,0.0,22.1,42,13
2021-04-02,29.6_79.1,321.7,302.6,11.7,2,4,4,1,29.6,79.1,27.9,12.3,0.0,22.1,41,13
2021-04-02,29.6_79.2,316.35,300.35,5.85,2,4,4,1,29.6,79.2,26.8,12.2,0.0,21.6,42,15
2021-04-02,29.6_79.3,319.7,302.7,44.0,2,4,4,1,29.6,79.3,22.8,8.3,0.0,17.7,47,12
2021-04-02,29.7_79.1,318.45,304.15,7.2,2,4,4,0,29.7,79.1,25.1,9.1,0.0,17.5,52,13
2021-04-02,29.8_78.9,316.0,302.2,6.5,2,4,4,1,29.8,78.9,26.9,11.7,0.0,18.9,47,11
2021-04-02,29.8_79.1,320.4,304.9,10.8,2,4,4,0,29.8,79.1,21.6,7.8,0.0,19.7,49,14
2021-04-02,29.8_79.2,319.3,305.25,7.65,2,4,4,0,29.8,79.2,26.0,7.2,0.0,14.9,66,11
2021-04-02,29.9_78.6,322.5,304.75,11.0,2,4,4,1,29.9,78.6,23.6,8.3,0.0,19.6,61,12
2021-04-02,29.9_78.7,318.4,304.75,29.15,2,4,4,1,29.9,78.7,28.9,11.5,0.0,18.8,61,10
2021-04-02,29.9_78.9,318.5,305.8,8.2,2,4,4,1,29.9,78.9,25.7,7.3,0.0,19.1,61,9
2021-04-02,29.9_79.4,313.6,300.25,29.65,2,4,4,0,29.9,79.4,26.9,8.1,0.0,18.2,77,8
2021-04-02,30.0_78.6,322.4,306.4,11.8,2,4,4,0,30.0,78.6,23.3,11.2,0.0,20.8,48,13
2021-04-02,30.0_79.3,317.7,300.95,9.05,2,4,4,0,30.0,79.3,22.7,6.7,0.0,17.5,68,10
2021-04-02,30.1_78.5,304.9,287.5,8.899999999999999,2,4,4,1,30.1,78.5,23.4,9.0,0.0,18.7,59,14
2021-04-02,30.1_78.7,319.35,302.29999999999995,60.3,2,4,4,0,30.1,78.7,22.6,11.2,0.0,18.2,48,11
2021-04-02,30.1_78.8,311.75,292.3,11.05,2,4,4,1,30.1,78.8,22.6,11.2,0.0,18.2,48,11
2021-04-02,30.2_78.6,306.5,284.5,10.2,2,4,4,0,30.2,78.6,22.9,8.2,0.0,16.2,65,17
2021-04-02,30.2_78.8,316.7333333333333,303.8333333333333,17.900000000000002,2,4,4,1,30.2,78.8,25.5,10.8,0.0,16.2,65,18
2021-04-02,30.2_78.9,310.85,293.1,14.2,2,4,4,1,30.2,78.9,21.4,8.7,0.0,16.2,54,13
2021-04-02,30.2_79.2,314.2,303.0,50.3,2,4,4,0,30.2,79.2,21.7,8.6,0.0,11.8,64,12
2021-04-02,30.2_79.4,315.40000000000003,298.76666666666665,41.23333333333333,2,4,4,1,30.2,79.4,17.7,2.0,0.0,12.4,66,11
2021-04-02,30.2_79.5,309.2,292.0,7.1,2,4,4,0,30.2,79.5,16.2,0.5,0.0,12.4,66,11
2021-04-02,30.3_78.8,306.6,286.05,25.5,2,4,4,0,30.3,78.8,21.7,5.9,0.1,15.6,70,14
2021-04-02,30.3_79.2,315.1,301.9,55.7,2,4,4,0,30.3,79.2,23.4,7.3,0.0,12.8,71,9
2021-04-02,30.4_78.7,314.15,300.25,28.15,2,4,4,1,30.4,78.7,23.8,7.3,0.0,10.0,72,17
2021-04-02,30.5_78.8,320.9,292.2,101.9,2,4,4,0,30.5,78.8,13.9,1.4,0.0,12.7,68,22
2021-04-03,29.6_79.0,312.35,295.025,14.65,3,4,5,1,29.6,79.0,29.6,13.0,0.0,21.3,33,8
2021-04-03,29.6_79.1,324.5,303.7,17.7,3,4,5,1,29.6,79.1,27.7,11.1,0.0,21.3,32,7
2021-04-03,29.6_79.2,327.3,305.825,21.925,3,4,5,1,29.6,79.2,26.6,10.5,0.0,20.6,35,11
2021-04-03,29.7_78.5,324.3,313.5,15.1,3,4,5,0,29.7,78.5,30.6,12.1,0.0,18.6,34,11
2021-04-03,29.7_78.8,323.5,307.2,18.2,3,4,5,0,29.7,78.8,29.1,9.5,0.0,19.1,36,9
2021-04-03,29.7_78.9,317.06666666666666,303.3,10.433333333333332,3,4,5,0,29.7,78.9,27.8,11.4,0.0,19.4,25,6
2021-04-03,29.7_79.0,317.5,302.0,10.7,3,4,5,0,29.7,79.0,26.6,14.7,0.0,20.2,31,7
2021-04-03,29.7_79.2,320.9,302.9,15.3,3,4,5,0,29.7,79.2,24.8,5.2,0.0,18.9,55,12
2021-04-03,29.8_78.6,316.75,303.95,9.95,3,4,5,0,29.8,78.6,28.1,12.5,0.0,17.7,34,10
2021-04-03,29.8_78.7,315.1,305.0,8.4,3,4,5,0,29.8,78.7,27.3,7.0,0.0,17.6,39,9
2021-04-03,29.8_78.8,316.65000000000003,300.56666666666666,21.183333333333334,3,4,5,0,29.8,78.8,20.0,4.3,0.0,17.7,46,5
2021-04-03,29.8_78.9,322.275,303.325,17.225,3,4,5,1,29.8,78.9,26.9,9.6,0.0,17.2,43,7
2021-04-03,29.8_79.1,320.3,304.6,12.0,3,4,5,1,29.8,79.1,21.4,7.9,0.0,17.7,41,6
2021-04-03,29.8_79.2,316.3,301.8,9.4,3,4,5,1,29.8,79.2,25.6,4.4,0.0,17.0,55,11
2021-04-03,29.9_78.7,325.0,306.4,20.9,3,4,5,1,29.9,78.7,29.1,8.8,0.0,14.0,45,7
2021-04-03,29.9_78.9,320.93333333333334,301.46666666666664,17.266666666666666,3,4,5,1,29.9,78.9,26.2,4.6,0.0,13.8,41,6
2021-04-03,29.9_79.3,318.15,303.4,11.8,3,4,5,0,29.9,79.3,26.6,6.7,0.0,15.4,55,6
2021-04-03,29.9_79.4,317.9,305.8,11.7,3,4,5,1,29.9,79.4,27.1,7.1,0.0,15.4,55,6
2021-04-03,29.9_79.5,309.75,291.45000000000005,13.1,3,4,5,0,29.9,79.5,19.0,-0.4,0.0,16.6,69,8
2021-04-03,30.0_78.6,328.2,307.1,21.9,3,4,5,1,30.0,78.6,23.5,11.8,0.0,14.5,39,11
2021-04-03,30.0_78.7,335.8333333333333,308.6333333333334,37.46666666666667,3,4,5,0,30.0,78.7,26.9,11.3,0.0,13.4,39,10
2021-04-03,30.0_78.8,331.2,308.4857142857143,29.728571428571428,3,4,5,0,30.0,78.8,25.9,10.3,0.0,13.4,39,10
2021-04-03,30.0_78.9,315.9,299.0,15.0,3,4,5,0,30.0,78.9,17.2,0.8,0.0,18.4,33,6
2021-04-03,30.0_79.3,328.1,300.1,28.5,3,4,5,1,30.0,79.3,23.2,6.7,0.0,14.0,47,6
2021-04-03,30.0_79.4,303.25,285.9,12.7,3,4,5,0,30.0,79.4,19.5,-0.0,0.0,15.6,50,7
2021-04-03,30.1_78.5,313.3333333333333,301.26666666666665,20.466666666666665,3,4,5,1,30.1,78.5,23.2,6.5,0.0,12.8,52,13
2021-04-03,30.1_78.6,308.15,296.45,7.800000000000001,3,4,5,0,30.1,78.6,24.6,7.9,0.0,12.8,52,13
2021-04-03,30.1_78.9,316.5,302.9,10.1,3,4,5,0,30.1,78.9,23.0,10.1,0.0,13.6,34,13
2021-04-03,30.1_79.3,316.5,299.8,14.5,3,4,5,0,30.1,79.3,16.1,2.6,0.0,11.8,62,10
2021-04-03,30.1_79.4,322.76666666666665,296.6666666666667,22.433333333333334,3,4,5,0,30.1,79.4,23.2,8.1,0.0,10.6,49,7
2021-04-03,30.2_78.5,320.8,306.6,16.4,3,4,5,0,30.2,78.5,17.7,-1.2,0.0,11.7,60,15
2021-04-03,30.2_78.6,317.5,306.3,9.1,3,4,5,1,30.2,78.6,22.9,6.3,0.0,13.3,50,14
2021-04-03,30.2_78.7,318.0,306.0,9.0,3,4,5,0,30.2,78.7,22.4,9.5,0.0,11.4,37,13
2021-04-03,30.2_78.8,320.12857142857143,294.9142857142857,31.542857142857144,3,4,5,1,30.2,78.8,25.5,8.9,0.0,13.3,51,15
2021-04-03,30.2_78.9,312.35,295.85,13.05,3,4,5,1,30.2,78.9,21.5,7.0,0.0,12.0,39,8
2021-04-03,30.2_79.4,312.825,293.55,32.4,3,4,5,1,30.2,79.4,18.0,0.5,0.0,11.5,54,8
2021-04-03,30.3_78.5,318.0,302.3,49.0,3,4,5,0,30.3,78.5,25.3,7.0,0.0,9.9,69,13
2021-04-03,30.3_78.6,319.8,302.4,60.6,3,4,5,0,30.3,78.6,22.3,3.8,0.0,13.1,59,13
2021-04-03,30.4_78.6,317.8,305.7,11.3,3,4,5,0,30.4,78.6,26.5,13.0,0.0,9.8,39,15
2021-04-03,30.4_79.0,310.20000000000005,294.0,19.2,3,4,5,0,30.4,79.0,26.0,6.5,0.0,6.6,58,11
2021-04-04,29.5_79.2,302.7,292.4,4.9,4,4,6,0,29.5,79.2,27.7,13.5,0.0,11.9,46,14
2021-04-04,29.6_79.0,316.4833333333333,296.21666666666664,18.816666666666663,4,4,6,1,29.6,79.0,31.6,15.4,0.0,13.5,52,12
2021-04-04,29.6_79.2,315.55,301.25,18.95,4,4,6,1,29.6,79.2,28.4,14.1,0.0,14.3,43,16
2021-04-04,29.7_79.0,321.05,304.7,13.6,4,4,6,1,29.7,79.0,28.9,16.5,0.0,14.7,45,13
2021-04-04,29.8_78.7,319.6,304.2,12.5,4,4,6,1,29.8,78.7,28.8,10.5,0.0,13.1,55,12
2021-04-04,29.8_78.8,319.45,305.25,20.8,4,4,6,1,29.8,78.8,22.2,7.1,0.0,13.4,42,13
2021-04-04,29.8_79.0,320.43333333333334,301.76666666666665,16.133333333333333,4,4,6,0,29.8,79.0,20.8,13.1,0.0,14.2,58,15
2021-04-04,29.9_78.7,318.1,302.4,11.9,4,4,6,1,29.9,78.7,31.4,11.4,0.0,11.2,52,12
2021-04-04,30.0_78.5,319.2,306.3,20.0,4,4,6,0,30.0,78.5,27.5,11.8,0.0,13.7,51,11
2021-04-04,30.0_78.6,300.3,289.2,4.4,4,4,6,1,30.0,78.6,26.1,11.4,0.0,12.8,45,13
2021-04-04,30.0_78.9,325.9,300.7,51.5,4,4,6,1,30.0,78.9,19.9,3.2,0.0,15.9,42,9
2021-04-04,30.0_79.0,331.6333333333333,300.3,44.05,4,4,6,0,30.0,79.0,23.3,6.6,0.0,15.9,43,10
2021-04-04,30.0_79.3,307.6,285.5,11.0,4,4,6,1,30.0,79.3,25.7,8.1,0.0,14.4,52,12
2021-04-04,30.0_79.4,313.8,300.9,18.7,4,4,6,1,30.0,79.4,22.2,1.8,0.0,11.7,60,12
2021-04-04,30.0_79.5,305.6,285.0,8.9,4,4,6,0,30.0,79.5,22.5,2.2,0.0,11.7,60,12
2021-04-04,30.1_78.6,321.4,305.3,29.4,4,4,6,1,30.1,78.6,26.8,8.8,0.0,10.9,65,15
2021-04-04,30.1_79.4,321.8666666666667,300.1,50.06666666666666,4,4,6,1,30.1,79.4,26.0,9.6,0.0,6.5,47,13
2021-04-04,30.1_79.5,314.7,298.5,24.8,4,4,6,0,30.1,79.5,23.9,7.5,0.0,6.5,47,12
2021-04-04,30.2_78.8,323.15000000000003,301.9166666666667,26.83333333333333,4,4,6,1,30.2,78.8,27.8,11.9,0.0,10.3,49,18
2021-04-04,30.3_78.6,300.1,283.5,6.0,4,4,6,1,30.3,78.6,25.2,6.8,0.1,11.0,61,17
2021-04-04,30.3_79.1,316.8,302.4,12.7,4,4,6,0,30.3,79.1,30.0,10.2,0.0,9.4,54,14
2021-04-04,30.3_79.3,302.55,288.3,6.15,4,4,6,0,30.3,79.3,30.2,12.0,0.0,8.7,52,10
2021-04-05,29.5_79.5,370.6,305.1,357.9,5,4,0,0,29.5,79.5,29.5,19.4,0.0,13.4,60,18
2021-04-05,29.6_79.0,315.1666666666667,299.6,18.5,5,4,0,1,29.6,79.0,34.4,21.8,0.0,22.0,33,16
2021-04-05,29.6_79.2,317.5,298.5,22.3,5,4,0,1,29.6,79.2,30.9,20.5,0.0,19.0,33,19
2021-04-05,29.6_79.3,313.54999999999995,298.7,18.75,5,4,0,0,29.6,79.3,26.8,13.6,0.0,15.7,45,18
2021-04-05,29.7_78.8,300.9,285.9,4.5,5,4,0,0,29.7,78.8,33.8,18.5,0.0,25.2,43,16
2021-04-05,29.8_79.1,302.6,280.4,7.6,5,4,0,0,29.8,79.1,25.2,15.1,0.1,17.6,49,21
2021-04-05,30.0_78.5,313.9,298.2,13.4,5,4,0,1,30.0,78.5,28.7,17.1,0.1,15.4,46,18
2021-04-05,30.0_79.4,306.3,284.6,9.5,5,4,0,1,30.0,79.4,23.9,8.4,0.6,14.8,73,19
2021-04-05,30.2_78.7,322.0,286.15,22.7,5,4,0,0,30.2,78.7,25.0,12.6,0.3,11.2,65,28
2021-04-05,30.3_79.0,314.5,296.6,24.1,5,4,0,0,30.3,79.0,29.3,17.2,0.5,10.9,65,26
2021-04-07,29.6_79.3,301.85,286.9,6.699999999999999,7,4,2,0,29.6,79.3,22.4,13.1,2.7,15.1,75,28
2021-04-07,29.7_78.8,311.7,294.3,9.0,7,4,2,0,29.7,78.8,30.8,19.8,0.0,23.5,52,18
2021-04-08,29.6_79.1,323.6,307.3,8.4,8,4,3,0,29.6,79.1,30.4,18.1,0.0,16.4,41,18
2021-04-08,29.6_79.2,325.1,307.04999999999995,11.6,8,4,3,0,29.6,79.2,28.7,18.2,0.0,17.7,47,22
2021-04-08,29.7_78.8,320.6,304.55,8.4,8,4,3,1,29.7,78.8,31.7,15.9,0.0,15.2,55,16
2021-04-08,29.7_79.3,337.25,310.7,26.25,8,4,3,0,29.7,79.3,29.6,13.0,0.0,14.3,69,22
2021-04-08,30.0_78.6,322.7,309.2,7.9,8,4,3,0,30.0,78.6,25.9,11.7,0.0,9.1,71,23
2021-04-08,30.0_78.8,320.9,307.9,6.0,8,4,3,0,30.0,78.8,28.3,12.7,0.0,10.3,69,21
2021-04-08,30.0_78.9,325.8,304.4,14.0,8,4,3,0,30.0,78.9,18.5,7.3,0.1,15.0,61,25
2021-04-08,30.3_78.7,326.0,310.4,11.0,8,4,3,0,30.3,78.7,26.7,11.1,0.4,8.9,78,24
2021-04-09,29.7_78.6,323.3,307.8,11.8,9,4,4,0,29.7,78.6,31.8,16.4,0.0,15.2,47,9
2021-04-09,29.7_78.8,302.8,292.5,10.5,9,4,4,1,29.7,78.8,32.1,16.1,0.0,13.9,48,9
2021-04-09,30.1_78.6,328.9,306.4,16.6,9,4,4,0,30.1,78.6,27.5,10.6,0.0,10.3,77,15
2021-04-09,30.2_78.5,319.3,286.8,25.200000000000003,9,4,4,0,30.2,78.5,20.7,3.8,0.0,8.4,76,13
2021-04-09,30.3_79.0,321.2,305.3,9.2,9,4,4,0,30.3,79.0,29.0,14.5,0.5,6.8,53,16
2021-04-10,29.5_79.4,323.0,306.3,12.133333333333333,10,4,5,0,29.5,79.4,22.6,7.7,0.0,8.2,48,15
2021-04-10,29.6_78.5,335.8,314.5,23.2,10,4,5,0,29.6,78.5,34.5,14.9,0.0,14.6,39,10
2021-04-10,29.6_78.9,328.8666666666667,305.06666666666666,22.0,10,4,5,0,29.6,78.9,33.5,16.3,0.0,13.4,51,10
2021-04-10,29.6_79.2,322.4,307.5,9.7,10,4,5,0,29.6,79.2,29.9,16.2,0.0,14.0,29,14
2021-04-10,29.7_78.8,314.3666666666667,297.25,18.866666666666667,10,4,5,1,29.7,78.8,32.9,15.6,0.0,13.8,32,9
2021-04-10,29.7_78.9,312.20000000000005,298.4,11.3,10,4,5,0,29.7,78.9,31.3,16.2,0.0,14.3,30,9
2021-04-10,29.7_79.0,322.5,304.2,12.0,10,4,5,0,29.7,79.0,30.2,18.7,0.0,15.3,25,11
2021-04-10,29.7_79.4,322.8,309.9,8.2,10,4,5,0,29.7,79.4,27.5,11.3,0.0,14.1,44,14
2021-04-10,29.8_78.9,319.0,305.2,8.466666666666667,10,4,5,0,29.8,78.9,29.9,15.6,0.0,14.3,32,9
2021-04-10,29.8_79.3,319.3,307.5,7.4,10,4,5,0,29.8,79.3,27.6,9.9,0.0,12.5,53,13
2021-04-10,30.0_78.6,322.6,305.56666666666666,12.9,10,4,5,0,30.0,78.6,26.8,14.2,0.0,12.1,38,14
2021-04-10,30.0_79.4,317.5,304.5,8.75,10,4,5,0,30.0,79.4,21.7,3.2,0.1,7.0,59,14
2021-04-10,30.2_78.6,324.4,313.3,9.2,10,4,5,0,30.2,78.6,26.5,11.4,0.0,10.7,51,17
2021-04-10,30.2_78.9,327.9,308.8,18.0,10,4,5,0,30.2,78.9,24.6,10.6,0.0,10.5,46,15
2021-04-10,30.2_79.0,317.1,300.75,7.95,10,4,5,0,30.2,79.0,24.1,10.1,0.0,10.5,46,15
2021-04-10,30.2_79.2,324.15,306.79999999999995,13.55,10,4,5,0,30.2,79.2,24.0,10.9,0.0,6.8,60,17
2021-04-10,30.3_78.8,322.5,304.3,12.3,10,4,5,0,30.3,78.8,24.5,11.0,0.0,9.0,49,13
2021-04-10,30.3_79.3,319.4,307.0,9.2,10,4,5,0,30.3,79.3,30.5,12.2,0.0,7.3,56,11
2021-04-10,30.4_78.5,335.1,308.0,29.8,10,4,5,0,30.4,78.5,28.6,13.9,0.0,6.4,47,13
2021-04-11,29.5_79.2,310.1,294.85,9.35,11,4,6,0,29.5,79.2,29.2,18.5,0.0,12.2,41,11
2021-04-11,29.6_78.9,324.4428571428571,303.3142857142857,28.014285714285712,11,4,6,1,29.6,78.9,34.3,18.9,0.0,14.8,40,9
2021-04-11,29.6_79.0,324.2,304.5,14.3,11,4,6,0,29.6,79.0,33.8,19.9,0.0,15.6,30,9
2021-04-11,29.7_78.8,319.475,302.775,11.775,11,4,6,1,29.7,78.8,33.3,16.7,0.0,16.4,31,9
2021-04-11,29.7_78.9,319.8,305.0,33.4,11,4,6,1,29.7,78.9,31.8,17.8,0.0,15.0,29,9
2021-04-11,29.7_79.0,325.9,309.9,14.4,11,4,6,1,29.7,79.0,30.6,20.1,0.0,15.7,26,11
2021-04-11,29.8_78.6,315.8666666666666,302.5,8.533333333333333,11,4,6,0,29.8,78.6,32.6,18.5,0.0,18.3,30,10
2021-04-11,29.8_79.0,300.3,288.0,5.3,11,4,6,0,29.8,79.0,21.6,9.3,0.0,12.8,52,13
2021-04-11,29.8_79.4,313.0,295.6,13.95,11,4,6,0,29.8,79.4,25.3,10.2,0.0,15.9,46,13
2021-04-11,29.9_78.5,327.8,314.3,14.8,11,4,6,0,29.9,78.5,28.4,14.6,0.0,15.5,40,12
2021-04-11,29.9_79.1,322.6,306.54999999999995,9.4,11,4,6,0,29.9,79.1,24.5,9.4,0.0,7.9,49,12
2021-04-11,29.9_79.3,320.5,305.7,10.2,11,4,6,0,29.9,79.3,28.9,10.1,0.0,13.7,56,12
2021-04-11,30.0_78.9,302.2,287.4,6.8,11,4,6,0,30.0,78.9,19.8,6.6,0.0,12.4,48,12
2021-04-11,30.1_78.5,321.125,305.15,17.2,11,4,6,0,30.1,78.5,27.2,10.2,0.0,10.2,58,12
2021-04-11,30.1_78.6,320.7,308.2,28.1,11,4,6,0,30.1,78.6,28.6,11.6,0.0,10.2,59,13
2021-04-11,30.1_78.8,321.8,305.6,10.9,11,4,6,0,30.1,78.8,26.0,16.6,0.0,9.7,45,11
2021-04-11,30.1_79.2,317.0,294.4,13.5,11,4,6,0,30.1,79.2,18.4,8.5,0.6,5.6,58,20
2021-04-11,30.2_79.0,300.7,286.1,6.6,11,4,6,1,30.2,79.0,24.3,10.5,0.0,10.0,46,10
2021-04-11,30.3_79.2,323.6,303.8,59.6,11,4,6,0,30.3,79.2,27.3,9.6,0.0,7.9,55,8
2021-04-11,30.3_79.3,321.4,306.4,12.5,11,4,6,1,30.3,79.3,31.0,13.2,0.0,7.9,56,9
2021-04-11,30.4_79.2,319.5,306.79999999999995,9.85,11,4,6,0,30.4,79.2,25.3,8.0,0.0,8.2,48,10
2021-04-12,29.5_79.2,306.85,294.4,7.25,12,4,0,1,29.5,79.2,28.8,19.2,0.1,14.4,50,17
2021-04-12,29.6_78.5,324.04999999999995,308.20000000000005,19.05,12,4,0,0,29.6,78.5,35.8,16.8,0.0,23.0,43,13
2021-04-12,29.6_78.9,303.6,293.5,5.4,12,4,0,1,29.6,78.9,34.6,18.7,0.0,16.4,46,13
2021-04-12,29.8_78.6,303.0,292.9,5.1,12,4,0,1,29.8,78.6,32.8,18.7,0.0,18.7,34,14
2021-04-12,29.8_78.8,311.1166666666667,294.85,10.466666666666669,12,4,0,0,29.8,78.8,23.1,12.6,0.0,18.8,51,16
2021-04-12,29.8_79.0,321.9,294.1,42.75,12,4,0,1,29.8,79.0,21.2,10.9,0.8,17.9,41,15
2021-04-12,29.8_79.4,315.5,299.7,10.2,12,4,0,1,29.8,79.4,25.0,11.6,0.0,20.0,45,17
2021-04-13,29.5_79.2,306.7,293.3,6.9,13,4,1,1,29.5,79.2,29.7,19.2,0.0,13.3,47,17
2021-04-13,29.5_79.5,328.5,309.2,24.0,13,4,1,0,29.5,79.5,29.9,23.1,0.0,11.7,45,17
2021-04-13,29.6_78.9,319.25,304.29999999999995,16.45,13,4,1,1,29.6,78.9,34.8,20.2,0.0,18.4,43,13
2021-04-13,29.7_78.7,336.2,300.6,58.8,13,4,1,0,29.7,78.7,31.4,18.5,0.0,18.2,34,15
2021-04-13,29.7_78.8,324.0,297.5,27.6,13,4,1,0,29.7,78.8,33.2,18.2,0.0,19.1,42,15
2021-04-13,29.7_79.0,331.1,303.35,47.05,13,4,1,0,29.7,79.0,31.0,21.4,0.0,19.7,31,17
2021-04-13,29.8_78.6,323.26666666666665,307.3333333333333,22.933333333333334,13,4,1,1,29.8,78.6,32.4,20.8,0.0,18.7,32,16
2021-04-13,29.8_79.0,300.3,288.0,5.8,13,4,1,1,29.8,79.0,22.9,9.9,0.0,16.6,58,16
2021-04-13,29.8_79.1,320.7,303.2,19.4,13,4,1,0,29.8,79.1,25.9,12.9,0.0,16.6,59,17
2021-04-13,29.8_79.5,319.9,305.4,13.3,13,4,1,0,29.8,79.5,26.2,11.2,0.0,19.8,51,17
2021-04-13,30.0_79.4,322.2,295.3,30.6,13,4,1,0,30.0,79.4,23.7,4.5,0.0,11.1,71,15
2021-04-13,30.3_79.3,316.8,303.0,12.6,13,4,1,0,30.3,79.3,31.8,15.4,0.0,8.5,54,11
2021-04-13,30.4_79.4,320.3,301.2,22.4,13,4,1,0,30.4,79.4,28.8,12.7,0.0,8.9,57,13
2021-04-14,29.5_79.4,326.5,304.6,52.0,14,4,2,0,29.5,79.4,25.3,10.2,0.2,13.0,50,13
2021-04-14,29.6_79.3,317.4,300.0,24.1,14,4,2,0,29.6,79.3,29.2,14.1,0.0,16.1,52,10
2021-04-14,29.7_79.0,320.0,306.4,15.4,14,4,2,1,29.7,79.0,33.3,21.4,0.0,23.8,45,10
2021-04-14,29.8_78.6,320.0,305.0,13.6,14,4,2,1,29.8,78.6,35.3,18.6,0.0,22.5,39,12
2021-04-14,29.8_79.0,335.62,302.22,73.64,14,4,2,1,29.8,79.0,23.9,13.1,0.0,19.0,52,12
2021-04-14,30.0_78.7,323.6,307.0,40.5,14,4,2,0,30.0,78.7,32.3,19.6,0.0,14.8,42,13
2021-04-14,30.1_78.9,317.6,304.3,11.7,14,4,2,0,30.1,78.9,28.0,16.2,0.0,14.4,43,17
2021-04-14,30.2_79.4,308.9,295.0,10.8,14,4,2,0,30.2,79.4,22.3,11.4,0.0,11.6,47,14
2021-04-14,30.3_79.4,315.5,299.2,22.3,14,4,2,0,30.3,79.4,24.3,7.0,0.0,10.1,50,15
2021-04-14,30.4_79.3,323.2,294.9,52.9,14,4,2,0,30.4,79.3,28.6,16.7,0.0,8.8,49,16
2021-04-15,29.7_79.2,319.3,298.8,8.7,15,4,3,0,29.7,79.2,30.3,12.4,0.0,10.7,54,13
2021-04-15,29.8_78.6,319.0,292.8,11.1,15,4,3,1,29.8,78.6,33.8,20.9,0.0,17.8,29,14
2021-04-15,29.8_79.0,315.6,288.8,9.9,15,4,3,1,29.8,79.0,23.1,11.9,0.1,12.1,40,14
2021-04-15,29.8_79.1,315.9,289.7,9.0,15,4,3,0,29.8,79.1,26.1,14.9,0.1,12.1,41,15
2021-04-15,30.0_78.7,305.6,288.1,16.1,15,4,3,1,30.0,78.7,31.9,18.2,0.0,11.9,54,15
2021-04-15,30.1_78.7,304.65,287.85,16.35,15,4,3,0,30.1,78.7,27.7,17.4,0.0,10.7,46,16
2021-04-15,30.1_78.8,327.8,290.8,23.8,15,4,3,0,30.1,78.8,27.7,17.4,0.0,10.7,46,16
2021-04-15,30.1_78.9,324.1,297.3,15.5,15,4,3,1,30.1,78.9,28.3,15.6,0.0,9.6,48,19
2021-04-15,30.2_78.8,320.5,294.0,13.7,15,4,3,0,30.2,78.8,31.1,15.8,0.0,11.2,65,19
2021-04-16,29.6_79.5,321.6,307.6,8.9,16,4,4,0,29.6,79.5,29.0,16.0,0.0,14.8,44,14
2021-04-16,29.7_79.0,319.35,298.9,66.3,16,4,4,0,29.7,79.0,32.2,21.6,0.0,18.9,46,14
2021-04-16,29.7_79.2,317.4,305.3,8.0,16,4,4,1,29.7,79.2,30.2,12.8,0.0,13.6,57,15
2021-04-16,29.8_79.1,321.5333333333333,303.53333333333336,11.3,16,4,4,1,29.8,79.1,26.2,15.2,0.3,14.7,48,18
2021-04-16,29.9_78.9,320.7,303.4,9.0,16,4,4,0,29.9,78.9,30.5,14.8,0.0,11.5,50,14
2021-04-16,29.9_79.4,319.2,303.9,12.7,16,4,4,0,29.9,79.4,29.9,13.0,0.0,12.1,60,17
2021-04-16,30.0_79.3,318.1,300.3,11.9,16,4,4,0,30.0,79.3,26.5,11.8,0.0,11.6,55,18
2021-04-16,30.4_78.8,332.3,299.0,29.2,16,4,4,0,30.4,78.8,20.0,8.0,1.1,11.2,61,20
2021-04-17,29.6_79.2,321.0,302.0,8.1,17,4,5,0,29.6,79.2,25.5,18.4,2.4,26.7,65,37
2021-04-17,29.7_79.1,325.6,304.7,11.8,17,4,5,0,29.7,79.1,23.5,15.3,5.5,17.1,75,39
2021-04-19,29.9_78.8,327.7333333333333,310.40000000000003,18.633333333333336,19,4,0,0,29.9,78.8,30.7,13.0,0.0,15.6,88,16
2021-04-25,29.6_78.8,316.525,299.075,13.525,25,4,6,0,29.6,78.8,34.0,16.8,0.0,15.4,72,17
2021-04-26,29.6_78.8,320.7,304.1,14.733333333333334,26,4,0,1,29.6,78.8,35.2,18.1,0.0,12.0,57,11
2021-04-26,29.6_79.4,319.2,304.4,7.9,26,4,0,0,29.6,79.4,27.3,13.2,0.0,10.6,65,18
2021-04-26,29.7_79.1,328.4,306.6,16.6,26,4,0,0,29.7,79.1,29.6,13.0,0.0,12.8,61,16
2021-04-27,29.8_79.3,321.7,307.6,7.3,27,4,1,0,29.8,79.3,30.2,12.4,0.0,18.0,60,19
2021-04-29,30.1_78.7,349.8,307.0,105.7,29,4,3,0,30.1,78.7,25.4,18.1,0.3,6.9,63,22
2021-05-16,29.7_78.5,317.75,298.5,14.15,16,5,6,0,29.7,78.5,36.8,21.4,0.0,15.9,61,16
