latitude,longitude
29.7,78.3
29.7,78.32
29.7,78.33999999999999
29.7,78.35999999999999
29.7,78.37999999999998
29.7,78.39999999999998
29.7,78.41999999999997
29.7,78.43999999999997
29.7,78.45999999999997
29.7,78.47999999999996
29.7,78.49999999999996
29.7,78.51999999999995
29.7,78.53999999999995
29.7,78.55999999999995
29.7,78.57999999999994
29.7,78.59999999999994
29.7,78.61999999999993
29.7,78.63999999999993
29.7,78.65999999999993
29.7,78.67999999999992
29.7,78.69999999999992
29.7,78.71999999999991
29.7,78.73999999999991
29.7,78.7599999999999
29.7,78.7799999999999
29.7,78.7999999999999
29.7,78.8199999999999
29.7,78.83999999999989
29.7,78.85999999999989
29.7,78.87999999999988
29.7,78.89999999999988
29.7,78.91999999999987
29.7,78.93999999999987
29.7,78.95999999999987
29.7,78.97999999999986
29.7,78.99999999999986
29.72,78.3
29.72,78.32
29.72,78.33999999999999
29.72,78.35999999999999
29.72,78.37999999999998
29.72,78.39999999999998
29.72,78.41999999999997
29.72,78.43999999999997
29.72,78.45999999999997
29.72,78.47999999999996
29.72,78.49999999999996
29.72,78.51999999999995
29.72,78.53999999999995
29.72,78.55999999999995
29.72,78.57999999999994
29.72,78.59999999999994
29.72,78.61999999999993
29.72,78.63999999999993
29.72,78.65999999999993
29.72,78.67999999999992
29.72,78.69999999999992
29.72,78.71999999999991
29.72,78.73999999999991
29.72,78.7599999999999
29.72,78.7799999999999
29.72,78.7999999999999
29.72,78.8199999999999
29.72,78.83999999999989
29.72,78.85999999999989
29.72,78.87999999999988
29.72,78.89999999999988
29.72,78.91999999999987
29.72,78.93999999999987
29.72,78.95999999999987
29.72,78.97999999999986
29.72,78.99999999999986
29.74,78.3
29.74,78.32
29.74,78.33999999999999
29.74,78.35999999999999
29.74,78.37999999999998
29.74,78.39999999999998
29.74,78.41999999999997
29.74,78.43999999999997
29.74,78.45999999999997
29.74,78.47999999999996
29.74,78.49999999999996
29.74,78.51999999999995
29.74,78.53999999999995
29.74,78.55999999999995
29.74,78.57999999999994
29.74,78.59999999999994
29.74,78.61999999999993
29.74,78.63999999999993
29.74,78.65999999999993
29.74,78.67999999999992
29.74,78.69999999999992
29.74,78.71999999999991
29.74,78.73999999999991
29.74,78.7599999999999
29.74,78.7799999999999
29.74,78.7999999999999
29.74,78.8199999999999
29.74,78.83999999999989
29.74,78.85999999999989
29.74,78.87999999999988
29.74,78.89999999999988
29.74,78.91999999999987
29.74,78.93999999999987
29.74,78.95999999999987
29.74,78.97999999999986
29.74,78.99999999999986
29.759999999999998,78.3
29.759999999999998,78.32
29.759999999999998,78.33999999999999
29.759999999999998,78.35999999999999
29.759999999999998,78.37999999999998
29.759999999999998,78.39999999999998
29.759999999999998,78.41999999999997
29.759999999999998,78.43999999999997
29.759999999999998,78.45999999999997
29.759999999999998,78.47999999999996
29.759999999999998,78.49999999999996
29.759999999999998,78.51999999999995
29.759999999999998,78.53999999999995
29.759999999999998,78.55999999999995
29.759999999999998,78.57999999999994
29.759999999999998,78.59999999999994
29.759999999999998,78.61999999999993
29.759999999999998,78.63999999999993
29.759999999999998,78.65999999999993
29.759999999999998,78.67999999999992
29.759999999999998,78.69999999999992
29.759999999999998,78.71999999999991
29.759999999999998,78.73999999999991
29.759999999999998,78.7599999999999
29.759999999999998,78.7799999999999
29.759999999999998,78.7999999999999
29.759999999999998,78.8199999999999
29.759999999999998,78.83999999999989
29.759999999999998,78.85999999999989
29.759999999999998,78.87999999999988
29.759999999999998,78.89999999999988
29.759999999999998,78.91999999999987
29.759999999999998,78.93999999999987
29.759999999999998,78.95999999999987
29.759999999999998,78.97999999999986
29.759999999999998,78.99999999999986
29.779999999999998,78.3
29.779999999999998,78.32
29.779999999999998,78.33999999999999
29.779999999999998,78.35999999999999
29.779999999999998,78.37999999999998
29.779999999999998,78.39999999999998
29.779999999999998,78.41999999999997
29.779999999999998,78.43999999999997
29.779999999999998,78.45999999999997
29.779999999999998,78.47999999999996
29.779999999999998,78.49999999999996
29.779999999999998,78.51999999999995
29.779999999999998,78.53999999999995
29.779999999999998,78.55999999999995
29.779999999999998,78.57999999999994
29.779999999999998,78.59999999999994
29.779999999999998,78.61999999999993
29.779999999999998,78.63999999999993
29.779999999999998,78.65999999999993
29.779999999999998,78.67999999999992
29.779999999999998,78.69999999999992
29.779999999999998,78.71999999999991
29.779999999999998,78.73999999999991
29.779999999999998,78.7599999999999
29.779999999999998,78.7799999999999
29.779999999999998,78.7999999999999
29.779999999999998,78.8199999999999
29.779999999999998,78.83999999999989
29.779999999999998,78.85999999999989
29.779999999999998,78.87999999999988
29.779999999999998,78.89999999999988
29.779999999999998,78.91999999999987
29.779999999999998,78.93999999999987
29.779999999999998,78.95999999999987
29.779999999999998,78.97999999999986
29.779999999999998,78.99999999999986
29.799999999999997,78.3
29.799999999999997,78.32
29.799999999999997,78.33999999999999
29.799999999999997,78.35999999999999
29.799999999999997,78.37999999999998
29.799999999999997,78.39999999999998
29.799999999999997,78.41999999999997
29.799999999999997,78.43999999999997
29.799999999999997,78.45999999999997
29.799999999999997,78.47999999999996
29.799999999999997,78.49999999999996
29.799999999999997,78.51999999999995
29.799999999999997,78.53999999999995
29.799999999999997,78.55999999999995
29.799999999999997,78.57999999999994
29.799999999999997,78.59999999999994
29.799999999999997,78.61999999999993
29.799999999999997,78.63999999999993
29.799999999999997,78.65999999999993
29.799999999999997,78.67999999999992
29.799999999999997,78.69999999999992
29.799999999999997,78.71999999999991
29.799999999999997,78.73999999999991
29.799999999999997,78.7599999999999
29.799999999999997,78.7799999999999
29.799999999999997,78.7999999999999
29.799999999999997,78.8199999999999
29.799999999999997,78.83999999999989
29.799999999999997,78.85999999999989
29.799999999999997,78.87999999999988
29.799999999999997,78.89999999999988
29.799999999999997,78.91999999999987
29.799999999999997,78.93999999999987
29.799999999999997,78.95999999999987
29.799999999999997,78.97999999999986
29.799999999999997,78.99999999999986
29.819999999999997,78.3
29.819999999999997,78.32
29.819999999999997,78.33999999999999
29.819999999999997,78.35999999999999
29.819999999999997,78.37999999999998
29.819999999999997,78.39999999999998
29.819999999999997,78.41999999999997
29.819999999999997,78.43999999999997
29.819999999999997,78.45999999999997
29.819999999999997,78.47999999999996
29.819999999999997,78.49999999999996
29.819999999999997,78.51999999999995
29.819999999999997,78.53999999999995
29.819999999999997,78.55999999999995
29.819999999999997,78.57999999999994
29.819999999999997,78.59999999999994
29.819999999999997,78.61999999999993
29.819999999999997,78.63999999999993
29.819999999999997,78.65999999999993
29.819999999999997,78.67999999999992
29.819999999999997,78.69999999999992
29.819999999999997,78.71999999999991
29.819999999999997,78.73999999999991
29.819999999999997,78.7599999999999
29.819999999999997,78.7799999999999
29.819999999999997,78.7999999999999
29.819999999999997,78.8199999999999
29.819999999999997,78.83999999999989
29.819999999999997,78.85999999999989
29.819999999999997,78.87999999999988
29.819999999999997,78.89999999999988
29.819999999999997,78.91999999999987
29.819999999999997,78.93999999999987
29.819999999999997,78.95999999999987
29.819999999999997,78.97999999999986
29.819999999999997,78.99999999999986
29.839999999999996,78.3
29.839999999999996,78.32
29.839999999999996,78.33999999999999
29.839999999999996,78.35999999999999
29.839999999999996,78.37999999999998
29.839999999999996,78.39999999999998
29.839999999999996,78.41999999999997
29.839999999999996,78.43999999999997
29.839999999999996,78.45999999999997
29.839999999999996,78.47999999999996
29.839999999999996,78.49999999999996
29.839999999999996,78.51999999999995
29.839999999999996,78.53999999999995
29.839999999999996,78.55999999999995
29.839999999999996,78.57999999999994
29.839999999999996,78.59999999999994
29.839999999999996,78.61999999999993
29.839999999999996,78.63999999999993
29.839999999999996,78.65999999999993
29.839999999999996,78.67999999999992
29.839999999999996,78.69999999999992
29.839999999999996,78.71999999999991
29.839999999999996,78.73999999999991
29.839999999999996,78.7599999999999
29.839999999999996,78.7799999999999
29.839999999999996,78.7999999999999
29.839999999999996,78.8199999999999
29.839999999999996,78.83999999999989
29.839999999999996,78.85999999999989
29.839999999999996,78.87999999999988
29.839999999999996,78.89999999999988
29.839999999999996,78.91999999999987
29.839999999999996,78.93999999999987
29.839999999999996,78.95999999999987
29.839999999999996,78.97999999999986
29.839999999999996,78.99999999999986
29.859999999999996,78.3
29.859999999999996,78.32
29.859999999999996,78.33999999999999
29.859999999999996,78.35999999999999
29.859999999999996,78.37999999999998
29.859999999999996,78.39999999999998
29.859999999999996,78.41999999999997
29.859999999999996,78.43999999999997
29.859999999999996,78.45999999999997
29.859999999999996,78.47999999999996
29.859999999999996,78.49999999999996
29.859999999999996,78.51999999999995
29.859999999999996,78.53999999999995
29.859999999999996,78.55999999999995
29.859999999999996,78.57999999999994
29.859999999999996,78.59999999999994
29.859999999999996,78.61999999999993
29.859999999999996,78.63999999999993
29.859999999999996,78.65999999999993
29.859999999999996,78.67999999999992
29.859999999999996,78.69999999999992
29.859999999999996,78.71999999999991
29.859999999999996,78.73999999999991
29.859999999999996,78.7599999999999
29.859999999999996,78.7799999999999
29.859999999999996,78.7999999999999
29.859999999999996,78.8199999999999
29.859999999999996,78.83999999999989
29.859999999999996,78.85999999999989
29.859999999999996,78.87999999999988
29.859999999999996,78.89999999999988
29.859999999999996,78.91999999999987
29.859999999999996,78.93999999999987
29.859999999999996,78.95999999999987
29.859999999999996,78.97999999999986
29.859999999999996,78.99999999999986
29.879999999999995,78.3
29.879999999999995,78.32
29.879999999999995,78.33999999999999
29.879999999999995,78.35999999999999
29.879999999999995,78.37999999999998
29.879999999999995,78.39999999999998
29.879999999999995,78.41999999999997
29.879999999999995,78.43999999999997
29.879999999999995,78.45999999999997
29.879999999999995,78.47999999999996
29.879999999999995,78.49999999999996
29.879999999999995,78.51999999999995
29.879999999999995,78.53999999999995
29.879999999999995,78.55999999999995
29.879999999999995,78.57999999999994
29.879999999999995,78.59999999999994
29.879999999999995,78.61999999999993
29.879999999999995,78.63999999999993
29.879999999999995,78.65999999999993
29.879999999999995,78.67999999999992
29.879999999999995,78.69999999999992
29.879999999999995,78.71999999999991
29.879999999999995,78.73999999999991
29.879999999999995,78.7599999999999
29.879999999999995,78.7799999999999
29.879999999999995,78.7999999999999
29.879999999999995,78.8199999999999
29.879999999999995,78.83999999999989
29.879999999999995,78.85999999999989
29.879999999999995,78.87999999999988
29.879999999999995,78.89999999999988
29.879999999999995,78.91999999999987
29.879999999999995,78.93999999999987
29.879999999999995,78.95999999999987
29.879999999999995,78.97999999999986
29.879999999999995,78.99999999999986
29.899999999999995,78.3
29.899999999999995,78.32
29.899999999999995,78.33999999999999
29.899999999999995,78.35999999999999
29.899999999999995,78.37999999999998
29.899999999999995,78.39999999999998
29.899999999999995,78.41999999999997
29.899999999999995,78.43999999999997
29.899999999999995,78.45999999999997
29.899999999999995,78.47999999999996
29.899999999999995,78.49999999999996
29.899999999999995,78.51999999999995
29.899999999999995,78.53999999999995
29.899999999999995,78.55999999999995
29.899999999999995,78.57999999999994
29.899999999999995,78.59999999999994
29.899999999999995,78.61999999999993
29.899999999999995,78.63999999999993
29.899999999999995,78.65999999999993
29.899999999999995,78.67999999999992
29.899999999999995,78.69999999999992
29.899999999999995,78.71999999999991
29.899999999999995,78.73999999999991
29.899999999999995,78.7599999999999
29.899999999999995,78.7799999999999
29.899999999999995,78.7999999999999
29.899999999999995,78.8199999999999
29.899999999999995,78.83999999999989
29.899999999999995,78.85999999999989
29.899999999999995,78.87999999999988
29.899999999999995,78.89999999999988
29.899999999999995,78.91999999999987
29.899999999999995,78.93999999999987
29.899999999999995,78.95999999999987
29.899999999999995,78.97999999999986
29.899999999999995,78.99999999999986
29.919999999999995,78.3
29.919999999999995,78.32
29.919999999999995,78.33999999999999
29.919999999999995,78.35999999999999
29.919999999999995,78.37999999999998
29.919999999999995,78.39999999999998
29.919999999999995,78.41999999999997
29.919999999999995,78.43999999999997
29.919999999999995,78.45999999999997
29.919999999999995,78.47999999999996
29.919999999999995,78.49999999999996
29.919999999999995,78.51999999999995
29.919999999999995,78.53999999999995
29.919999999999995,78.55999999999995
29.919999999999995,78.57999999999994
29.919999999999995,78.59999999999994
29.919999999999995,78.61999999999993
29.919999999999995,78.63999999999993
29.919999999999995,78.65999999999993
29.919999999999995,78.67999999999992
29.919999999999995,78.69999999999992
29.919999999999995,78.71999999999991
29.919999999999995,78.73999999999991
29.919999999999995,78.7599999999999
29.919999999999995,78.7799999999999
29.919999999999995,78.7999999999999
29.919999999999995,78.8199999999999
29.919999999999995,78.83999999999989
29.919999999999995,78.85999999999989
29.919999999999995,78.87999999999988
29.919999999999995,78.89999999999988
29.919999999999995,78.91999999999987
29.919999999999995,78.93999999999987
29.919999999999995,78.95999999999987
29.919999999999995,78.97999999999986
29.919999999999995,78.99999999999986
29.939999999999994,78.3
29.939999999999994,78.32
29.939999999999994,78.33999999999999
29.939999999999994,78.35999999999999
29.939999999999994,78.37999999999998
29.939999999999994,78.39999999999998
29.939999999999994,78.41999999999997
29.939999999999994,78.43999999999997
29.939999999999994,78.45999999999997
29.939999999999994,78.47999999999996
29.939999999999994,78.49999999999996
29.939999999999994,78.51999999999995
29.939999999999994,78.53999999999995
29.939999999999994,78.55999999999995
29.939999999999994,78.57999999999994
29.939999999999994,78.59999999999994
29.939999999999994,78.61999999999993
29.939999999999994,78.63999999999993
29.939999999999994,78.65999999999993
29.939999999999994,78.67999999999992
29.939999999999994,78.69999999999992
29.939999999999994,78.71999999999991
29.939999999999994,78.73999999999991
29.939999999999994,78.7599999999999
29.939999999999994,78.7799999999999
29.939999999999994,78.7999999999999
29.939999999999994,78.8199999999999
29.939999999999994,78.83999999999989
29.939999999999994,78.85999999999989
29.939999999999994,78.87999999999988
29.939999999999994,78.89999999999988
29.939999999999994,78.91999999999987
29.939999999999994,78.93999999999987
29.939999999999994,78.95999999999987
29.939999999999994,78.97999999999986
29.939999999999994,78.99999999999986
29.959999999999994,78.3
29.959999999999994,78.32
29.959999999999994,78.33999999999999
29.959999999999994,78.35999999999999
29.959999999999994,78.37999999999998
29.959999999999994,78.39999999999998
29.959999999999994,78.41999999999997
29.959999999999994,78.43999999999997
29.959999999999994,78.45999999999997
29.959999999999994,78.47999999999996
29.959999999999994,78.49999999999996
29.959999999999994,78.51999999999995
29.959999999999994,78.53999999999995
29.959999999999994,78.55999999999995
29.959999999999994,78.57999999999994
29.959999999999994,78.59999999999994
29.959999999999994,78.61999999999993
29.959999999999994,78.63999999999993
29.959999999999994,78.65999999999993
29.959999999999994,78.67999999999992
29.959999999999994,78.69999999999992
29.959999999999994,78.71999999999991
29.959999999999994,78.73999999999991
29.959999999999994,78.7599999999999
29.959999999999994,78.7799999999999
29.959999999999994,78.7999999999999
29.959999999999994,78.8199999999999
29.959999999999994,78.83999999999989
29.959999999999994,78.85999999999989
29.959999999999994,78.87999999999988
29.959999999999994,78.89999999999988
29.959999999999994,78.91999999999987
29.959999999999994,78.93999999999987
29.959999999999994,78.95999999999987
29.959999999999994,78.97999999999986
29.959999999999994,78.99999999999986
29.979999999999993,78.3
29.979999999999993,78.32
29.979999999999993,78.33999999999999
29.979999999999993,78.35999999999999
29.979999999999993,78.37999999999998
29.979999999999993,78.39999999999998
29.979999999999993,78.41999999999997
29.979999999999993,78.43999999999997
29.979999999999993,78.45999999999997
29.979999999999993,78.47999999999996
29.979999999999993,78.49999999999996
29.979999999999993,78.51999999999995
29.979999999999993,78.53999999999995
29.979999999999993,78.55999999999995
29.979999999999993,78.57999999999994
29.979999999999993,78.59999999999994
29.979999999999993,78.61999999999993
29.979999999999993,78.63999999999993
29.979999999999993,78.65999999999993
29.979999999999993,78.67999999999992
29.979999999999993,78.69999999999992
29.979999999999993,78.71999999999991
29.979999999999993,78.73999999999991
29.979999999999993,78.7599999999999
29.979999999999993,78.7799999999999
29.979999999999993,78.7999999999999
29.979999999999993,78.8199999999999
29.979999999999993,78.83999999999989
29.979999999999993,78.85999999999989
29.979999999999993,78.87999999999988
29.979999999999993,78.89999999999988
29.979999999999993,78.91999999999987
29.979999999999993,78.93999999999987
29.979999999999993,78.95999999999987
29.979999999999993,78.97999999999986
29.979999999999993,78.99999999999986
29.999999999999993,78.3
29.999999999999993,78.32
29.999999999999993,78.33999999999999
29.999999999999993,78.35999999999999
29.999999999999993,78.37999999999998
29.999999999999993,78.39999999999998
29.999999999999993,78.41999999999997
29.999999999999993,78.43999999999997
29.999999999999993,78.45999999999997
29.999999999999993,78.47999999999996
29.999999999999993,78.49999999999996
29.999999999999993,78.51999999999995
29.999999999999993,78.53999999999995
29.999999999999993,78.55999999999995
29.999999999999993,78.57999999999994
29.999999999999993,78.59999999999994
29.999999999999993,78.61999999999993
29.999999999999993,78.63999999999993
29.999999999999993,78.65999999999993
29.999999999999993,78.67999999999992
29.999999999999993,78.69999999999992
29.999999999999993,78.71999999999991
29.999999999999993,78.73999999999991
29.999999999999993,78.7599999999999
29.999999999999993,78.7799999999999
29.999999999999993,78.7999999999999
29.999999999999993,78.8199999999999
29.999999999999993,78.83999999999989
29.999999999999993,78.85999999999989
29.999999999999993,78.87999999999988
29.999999999999993,78.89999999999988
29.999999999999993,78.91999999999987
29.999999999999993,78.93999999999987
29.999999999999993,78.95999999999987
29.999999999999993,78.97999999999986
29.999999999999993,78.99999999999986
30.019999999999992,78.3
30.019999999999992,78.32
30.019999999999992,78.33999999999999
30.019999999999992,78.35999999999999
30.019999999999992,78.37999999999998
30.019999999999992,78.39999999999998
30.019999999999992,78.41999999999997
30.019999999999992,78.43999999999997
30.019999999999992,78.45999999999997
30.019999999999992,78.47999999999996
30.019999999999992,78.49999999999996
30.019999999999992,78.51999999999995
30.019999999999992,78.53999999999995
30.019999999999992,78.55999999999995
30.019999999999992,78.57999999999994
30.019999999999992,78.59999999999994
30.019999999999992,78.61999999999993
30.019999999999992,78.63999999999993
30.019999999999992,78.65999999999993
30.019999999999992,78.67999999999992
30.019999999999992,78.69999999999992
30.019999999999992,78.71999999999991
30.019999999999992,78.73999999999991
30.019999999999992,78.7599999999999
30.019999999999992,78.7799999999999
30.019999999999992,78.7999999999999
30.019999999999992,78.8199999999999
30.019999999999992,78.83999999999989
30.019999999999992,78.85999999999989
30.019999999999992,78.87999999999988
30.019999999999992,78.89999999999988
30.019999999999992,78.91999999999987
30.019999999999992,78.93999999999987
30.019999999999992,78.95999999999987
30.019999999999992,78.97999999999986
30.019999999999992,78.99999999999986
30.039999999999992,78.3
30.039999999999992,78.32
30.039999999999992,78.33999999999999
30.039999999999992,78.35999999999999
30.039999999999992,78.37999999999998
30.039999999999992,78.39999999999998
30.039999999999992,78.41999999999997
30.039999999999992,78.43999999999997
30.039999999999992,78.45999999999997
30.039999999999992,78.47999999999996
30.039999999999992,78.49999999999996
30.039999999999992,78.51999999999995
30.039999999999992,78.53999999999995
30.039999999999992,78.55999999999995
30.039999999999992,78.57999999999994
30.039999999999992,78.59999999999994
30.039999999999992,78.61999999999993
30.039999999999992,78.63999999999993
30.039999999999992,78.65999999999993
30.039999999999992,78.67999999999992
30.039999999999992,78.69999999999992
30.039999999999992,78.71999999999991
30.039999999999992,78.73999999999991
30.039999999999992,78.7599999999999
30.039999999999992,78.7799999999999
30.039999999999992,78.7999999999999
30.039999999999992,78.8199999999999
30.039999999999992,78.83999999999989
30.039999999999992,78.85999999999989
30.039999999999992,78.87999999999988
30.039999999999992,78.89999999999988
30.039999999999992,78.91999999999987
30.039999999999992,78.93999999999987
30.039999999999992,78.95999999999987
30.039999999999992,78.97999999999986
30.039999999999992,78.99999999999986
30.05999999999999,78.3
30.05999999999999,78.32
30.05999999999999,78.33999999999999
30.05999999999999,78.35999999999999
30.05999999999999,78.37999999999998
30.05999999999999,78.39999999999998
30.05999999999999,78.41999999999997
30.05999999999999,78.43999999999997
30.05999999999999,78.45999999999997
30.05999999999999,78.47999999999996
30.05999999999999,78.49999999999996
30.05999999999999,78.51999999999995
30.05999999999999,78.53999999999995
30.05999999999999,78.55999999999995
30.05999999999999,78.57999999999994
30.05999999999999,78.59999999999994
30.05999999999999,78.61999999999993
30.05999999999999,78.63999999999993
30.05999999999999,78.65999999999993
30.05999999999999,78.67999999999992
30.05999999999999,78.69999999999992
30.05999999999999,78.71999999999991
30.05999999999999,78.73999999999991
30.05999999999999,78.7599999999999
30.05999999999999,78.7799999999999
30.05999999999999,78.7999999999999
30.05999999999999,78.8199999999999
30.05999999999999,78.83999999999989
30.05999999999999,78.85999999999989
30.05999999999999,78.87999999999988
30.05999999999999,78.89999999999988
30.05999999999999,78.91999999999987
30.05999999999999,78.93999999999987
30.05999999999999,78.95999999999987
30.05999999999999,78.97999999999986
30.05999999999999,78.99999999999986
30.07999999999999,78.3
30.07999999999999,78.32
30.07999999999999,78.33999999999999
30.07999999999999,78.35999999999999
30.07999999999999,78.37999999999998
30.07999999999999,78.39999999999998
30.07999999999999,78.41999999999997
30.07999999999999,78.43999999999997
30.07999999999999,78.45999999999997
30.07999999999999,78.47999999999996
30.07999999999999,78.49999999999996
30.07999999999999,78.51999999999995
30.07999999999999,78.53999999999995
30.07999999999999,78.55999999999995
30.07999999999999,78.57999999999994
30.07999999999999,78.59999999999994
30.07999999999999,78.61999999999993
30.07999999999999,78.63999999999993
30.07999999999999,78.65999999999993
30.07999999999999,78.67999999999992
30.07999999999999,78.69999999999992
30.07999999999999,78.71999999999991
30.07999999999999,78.73999999999991
30.07999999999999,78.7599999999999
30.07999999999999,78.7799999999999
30.07999999999999,78.7999999999999
30.07999999999999,78.8199999999999
30.07999999999999,78.83999999999989
30.07999999999999,78.85999999999989
30.07999999999999,78.87999999999988
30.07999999999999,78.89999999999988
30.07999999999999,78.91999999999987
30.07999999999999,78.93999999999987
30.07999999999999,78.95999999999987
30.07999999999999,78.97999999999986
30.07999999999999,78.99999999999986
30.09999999999999,78.3
30.09999999999999,78.32
30.09999999999999,78.33999999999999
30.09999999999999,78.35999999999999
30.09999999999999,78.37999999999998
30.09999999999999,78.39999999999998
30.09999999999999,78.41999999999997
30.09999999999999,78.43999999999997
30.09999999999999,78.45999999999997
30.09999999999999,78.47999999999996
30.09999999999999,78.49999999999996
30.09999999999999,78.51999999999995
30.09999999999999,78.53999999999995
30.09999999999999,78.55999999999995
30.09999999999999,78.57999999999994
30.09999999999999,78.59999999999994
30.09999999999999,78.61999999999993
30.09999999999999,78.63999999999993
30.09999999999999,78.65999999999993
30.09999999999999,78.67999999999992
30.09999999999999,78.69999999999992
30.09999999999999,78.71999999999991
30.09999999999999,78.73999999999991
30.09999999999999,78.7599999999999
30.09999999999999,78.7799999999999
30.09999999999999,78.7999999999999
30.09999999999999,78.8199999999999
30.09999999999999,78.83999999999989
30.09999999999999,78.85999999999989
30.09999999999999,78.87999999999988
30.09999999999999,78.89999999999988
30.09999999999999,78.91999999999987
30.09999999999999,78.93999999999987
30.09999999999999,78.95999999999987
30.09999999999999,78.97999999999986
30.09999999999999,78.99999999999986
30.11999999999999,78.3
30.11999999999999,78.32
30.11999999999999,78.33999999999999
30.11999999999999,78.35999999999999
30.11999999999999,78.37999999999998
30.11999999999999,78.39999999999998
30.11999999999999,78.41999999999997
30.11999999999999,78.43999999999997
30.11999999999999,78.45999999999997
30.11999999999999,78.47999999999996
30.11999999999999,78.49999999999996
30.11999999999999,78.51999999999995
30.11999999999999,78.53999999999995
30.11999999999999,78.55999999999995
30.11999999999999,78.57999999999994
30.11999999999999,78.59999999999994
30.11999999999999,78.61999999999993
30.11999999999999,78.63999999999993
30.11999999999999,78.65999999999993
30.11999999999999,78.67999999999992
30.11999999999999,78.69999999999992
30.11999999999999,78.71999999999991
30.11999999999999,78.73999999999991
30.11999999999999,78.7599999999999
30.11999999999999,78.7799999999999
30.11999999999999,78.7999999999999
30.11999999999999,78.8199999999999
30.11999999999999,78.83999999999989
30.11999999999999,78.85999999999989
30.11999999999999,78.87999999999988
30.11999999999999,78.89999999999988
30.11999999999999,78.91999999999987
30.11999999999999,78.93999999999987
30.11999999999999,78.95999999999987
30.11999999999999,78.97999999999986
30.11999999999999,78.99999999999986
30.13999999999999,78.3
30.13999999999999,78.32
30.13999999999999,78.33999999999999
30.13999999999999,78.35999999999999
30.13999999999999,78.37999999999998
30.13999999999999,78.39999999999998
30.13999999999999,78.41999999999997
30.13999999999999,78.43999999999997
30.13999999999999,78.45999999999997
30.13999999999999,78.47999999999996
30.13999999999999,78.49999999999996
30.13999999999999,78.51999999999995
30.13999999999999,78.53999999999995
30.13999999999999,78.55999999999995
30.13999999999999,78.57999999999994
30.13999999999999,78.59999999999994
30.13999999999999,78.61999999999993
30.13999999999999,78.63999999999993
30.13999999999999,78.65999999999993
30.13999999999999,78.67999999999992
30.13999999999999,78.69999999999992
30.13999999999999,78.71999999999991
30.13999999999999,78.73999999999991
30.13999999999999,78.7599999999999
30.13999999999999,78.7799999999999
30.13999999999999,78.7999999999999
30.13999999999999,78.8199999999999
30.13999999999999,78.83999999999989
30.13999999999999,78.85999999999989
30.13999999999999,78.87999999999988
30.13999999999999,78.89999999999988
30.13999999999999,78.91999999999987
30.13999999999999,78.93999999999987
30.13999999999999,78.95999999999987
30.13999999999999,78.97999999999986
30.13999999999999,78.99999999999986
30.15999999999999,78.3
30.15999999999999,78.32
30.15999999999999,78.33999999999999
30.15999999999999,78.35999999999999
30.15999999999999,78.37999999999998
30.15999999999999,78.39999999999998
30.15999999999999,78.41999999999997
30.15999999999999,78.43999999999997
30.15999999999999,78.45999999999997
30.15999999999999,78.47999999999996
30.15999999999999,78.49999999999996
30.15999999999999,78.51999999999995
30.15999999999999,78.53999999999995
30.15999999999999,78.55999999999995
30.15999999999999,78.57999999999994
30.15999999999999,78.59999999999994
30.15999999999999,78.61999999999993
30.15999999999999,78.63999999999993
30.15999999999999,78.65999999999993
30.15999999999999,78.67999999999992
30.15999999999999,78.69999999999992
30.15999999999999,78.71999999999991
30.15999999999999,78.73999999999991
30.15999999999999,78.7599999999999
30.15999999999999,78.7799999999999
30.15999999999999,78.7999999999999
30.15999999999999,78.8199999999999
30.15999999999999,78.83999999999989
30.15999999999999,78.85999999999989
30.15999999999999,78.87999999999988
30.15999999999999,78.89999999999988
30.15999999999999,78.91999999999987
30.15999999999999,78.93999999999987
30.15999999999999,78.95999999999987
30.15999999999999,78.97999999999986
30.15999999999999,78.99999999999986
30.17999999999999,78.3
30.17999999999999,78.32
30.17999999999999,78.33999999999999
30.17999999999999,78.35999999999999
30.17999999999999,78.37999999999998
30.17999999999999,78.39999999999998
30.17999999999999,78.41999999999997
30.17999999999999,78.43999999999997
30.17999999999999,78.45999999999997
30.17999999999999,78.47999999999996
30.17999999999999,78.49999999999996
30.17999999999999,78.51999999999995
30.17999999999999,78.53999999999995
30.17999999999999,78.55999999999995
30.17999999999999,78.57999999999994
30.17999999999999,78.59999999999994
30.17999999999999,78.61999999999993
30.17999999999999,78.63999999999993
30.17999999999999,78.65999999999993
30.17999999999999,78.67999999999992
30.17999999999999,78.69999999999992
30.17999999999999,78.71999999999991
30.17999999999999,78.73999999999991
30.17999999999999,78.7599999999999
30.17999999999999,78.7799999999999
30.17999999999999,78.7999999999999
30.17999999999999,78.8199999999999
30.17999999999999,78.83999999999989
30.17999999999999,78.85999999999989
30.17999999999999,78.87999999999988
30.17999999999999,78.89999999999988
30.17999999999999,78.91999999999987
30.17999999999999,78.93999999999987
30.17999999999999,78.95999999999987
30.17999999999999,78.97999999999986
30.17999999999999,78.99999999999986
30.19999999999999,78.3
30.19999999999999,78.32
30.19999999999999,78.33999999999999
30.19999999999999,78.35999999999999
30.19999999999999,78.37999999999998
30.19999999999999,78.39999999999998
30.19999999999999,78.41999999999997
30.19999999999999,78.43999999999997
30.19999999999999,78.45999999999997
30.19999999999999,78.47999999999996
30.19999999999999,78.49999999999996
30.19999999999999,78.51999999999995
30.19999999999999,78.53999999999995
30.19999999999999,78.55999999999995
30.19999999999999,78.57999999999994
30.19999999999999,78.59999999999994
30.19999999999999,78.61999999999993
30.19999999999999,78.63999999999993
30.19999999999999,78.65999999999993
30.19999999999999,78.67999999999992
30.19999999999999,78.69999999999992
30.19999999999999,78.71999999999991
30.19999999999999,78.73999999999991
30.19999999999999,78.7599999999999
30.19999999999999,78.7799999999999
30.19999999999999,78.7999999999999
30.19999999999999,78.8199999999999
30.19999999999999,78.83999999999989
30.19999999999999,78.85999999999989
30.19999999999999,78.87999999999988
30.19999999999999,78.89999999999988
30.19999999999999,78.91999999999987
30.19999999999999,78.93999999999987
30.19999999999999,78.95999999999987
30.19999999999999,78.97999999999986
30.19999999999999,78.99999999999986
30.219999999999988,78.3
30.219999999999988,78.32
30.219999999999988,78.33999999999999
30.219999999999988,78.35999999999999
30.219999999999988,78.37999999999998
30.219999999999988,78.39999999999998
30.219999999999988,78.41999999999997
30.219999999999988,78.43999999999997
30.219999999999988,78.45999999999997
30.219999999999988,78.47999999999996
30.219999999999988,78.49999999999996
30.219999999999988,78.51999999999995
30.219999999999988,78.53999999999995
30.219999999999988,78.55999999999995
30.219999999999988,78.57999999999994
30.219999999999988,78.59999999999994
30.219999999999988,78.61999999999993
30.219999999999988,78.63999999999993
30.219999999999988,78.65999999999993
30.219999999999988,78.67999999999992
30.219999999999988,78.69999999999992
30.219999999999988,78.71999999999991
30.219999999999988,78.73999999999991
30.219999999999988,78.7599999999999
30.219999999999988,78.7799999999999
30.219999999999988,78.7999999999999
30.219999999999988,78.8199999999999
30.219999999999988,78.83999999999989
30.219999999999988,78.85999999999989
30.219999999999988,78.87999999999988
30.219999999999988,78.89999999999988
30.219999999999988,78.91999999999987
30.219999999999988,78.93999999999987
30.219999999999988,78.95999999999987
30.219999999999988,78.97999999999986
30.219999999999988,78.99999999999986
30.239999999999988,78.3
30.239999999999988,78.32
30.239999999999988,78.33999999999999
30.239999999999988,78.35999999999999
30.239999999999988,78.37999999999998
30.239999999999988,78.39999999999998
30.239999999999988,78.41999999999997
30.239999999999988,78.43999999999997
30.239999999999988,78.45999999999997
30.239999999999988,78.47999999999996
30.239999999999988,78.49999999999996
30.239999999999988,78.51999999999995
30.239999999999988,78.53999999999995
30.239999999999988,78.55999999999995
30.239999999999988,78.57999999999994
30.239999999999988,78.59999999999994
30.239999999999988,78.61999999999993
30.239999999999988,78.63999999999993
30.239999999999988,78.65999999999993
30.239999999999988,78.67999999999992
30.239999999999988,78.69999999999992
30.239999999999988,78.71999999999991
30.239999999999988,78.73999999999991
30.239999999999988,78.7599999999999
30.239999999999988,78.7799999999999
30.239999999999988,78.7999999999999
30.239999999999988,78.8199999999999
30.239999999999988,78.83999999999989
30.239999999999988,78.85999999999989
30.239999999999988,78.87999999999988
30.239999999999988,78.89999999999988
30.239999999999988,78.91999999999987
30.239999999999988,78.93999999999987
30.239999999999988,78.95999999999987
30.239999999999988,78.97999999999986
30.239999999999988,78.99999999999986
30.259999999999987,78.3
30.259999999999987,78.32
30.259999999999987,78.33999999999999
30.259999999999987,78.35999999999999
30.259999999999987,78.37999999999998
30.259999999999987,78.39999999999998
30.259999999999987,78.41999999999997
30.259999999999987,78.43999999999997
30.259999999999987,78.45999999999997
30.259999999999987,78.47999999999996
30.259999999999987,78.49999999999996
30.259999999999987,78.51999999999995
30.259999999999987,78.53999999999995
30.259999999999987,78.55999999999995
30.259999999999987,78.57999999999994
30.259999999999987,78.59999999999994
30.259999999999987,78.61999999999993
30.259999999999987,78.63999999999993
30.259999999999987,78.65999999999993
30.259999999999987,78.67999999999992
30.259999999999987,78.69999999999992
30.259999999999987,78.71999999999991
30.259999999999987,78.73999999999991
30.259999999999987,78.7599999999999
30.259999999999987,78.7799999999999
30.259999999999987,78.7999999999999
30.259999999999987,78.8199999999999
30.259999999999987,78.83999999999989
30.259999999999987,78.85999999999989
30.259999999999987,78.87999999999988
30.259999999999987,78.89999999999988
30.259999999999987,78.91999999999987
30.259999999999987,78.93999999999987
30.259999999999987,78.95999999999987
30.259999999999987,78.97999999999986
30.259999999999987,78.99999999999986
30.279999999999987,78.3
30.279999999999987,78.32
30.279999999999987,78.33999999999999
30.279999999999987,78.35999999999999
30.279999999999987,78.37999999999998
30.279999999999987,78.39999999999998
30.279999999999987,78.41999999999997
30.279999999999987,78.43999999999997
30.279999999999987,78.45999999999997
30.279999999999987,78.47999999999996
30.279999999999987,78.49999999999996
30.279999999999987,78.51999999999995
30.279999999999987,78.53999999999995
30.279999999999987,78.55999999999995
30.279999999999987,78.57999999999994
30.279999999999987,78.59999999999994
30.279999999999987,78.61999999999993
30.279999999999987,78.63999999999993
30.279999999999987,78.65999999999993
30.279999999999987,78.67999999999992
30.279999999999987,78.69999999999992
30.279999999999987,78.71999999999991
30.279999999999987,78.73999999999991
30.279999999999987,78.7599999999999
30.279999999999987,78.7799999999999
30.279999999999987,78.7999999999999
30.279999999999987,78.8199999999999
30.279999999999987,78.83999999999989
30.279999999999987,78.85999999999989
30.279999999999987,78.87999999999988
30.279999999999987,78.89999999999988
30.279999999999987,78.91999999999987
30.279999999999987,78.93999999999987
30.279999999999987,78.95999999999987
30.279999999999987,78.97999999999986
30.279999999999987,78.99999999999986
30.299999999999986,78.3
30.299999999999986,78.32
30.299999999999986,78.33999999999999
30.299999999999986,78.35999999999999
30.299999999999986,78.37999999999998
30.299999999999986,78.39999999999998
30.299999999999986,78.41999999999997
30.299999999999986,78.43999999999997
30.299999999999986,78.45999999999997
30.299999999999986,78.47999999999996
30.299999999999986,78.49999999999996
30.299999999999986,78.51999999999995
30.299999999999986,78.53999999999995
30.299999999999986,78.55999999999995
30.299999999999986,78.57999999999994
30.299999999999986,78.59999999999994
30.299999999999986,78.61999999999993
30.299999999999986,78.63999999999993
30.299999999999986,78.65999999999993
30.299999999999986,78.67999999999992
30.299999999999986,78.69999999999992
30.299999999999986,78.71999999999991
30.299999999999986,78.73999999999991
30.299999999999986,78.7599999999999
30.299999999999986,78.7799999999999
30.299999999999986,78.7999999999999
30.299999999999986,78.8199999999999
30.299999999999986,78.83999999999989
30.299999999999986,78.85999999999989
30.299999999999986,78.87999999999988
30.299999999999986,78.89999999999988
30.299999999999986,78.91999999999987
30.299999999999986,78.93999999999987
30.299999999999986,78.95999999999987
30.299999999999986,78.97999999999986
30.299999999999986,78.99999999999986
30.319999999999986,78.3
30.319999999999986,78.32
30.319999999999986,78.33999999999999
30.319999999999986,78.35999999999999
30.319999999999986,78.37999999999998
30.319999999999986,78.39999999999998
30.319999999999986,78.41999999999997
30.319999999999986,78.43999999999997
30.319999999999986,78.45999999999997
30.319999999999986,78.47999999999996
30.319999999999986,78.49999999999996
30.319999999999986,78.51999999999995
30.319999999999986,78.53999999999995
30.319999999999986,78.55999999999995
30.319999999999986,78.57999999999994
30.319999999999986,78.59999999999994
30.319999999999986,78.61999999999993
30.319999999999986,78.63999999999993
30.319999999999986,78.65999999999993
30.319999999999986,78.67999999999992
30.319999999999986,78.69999999999992
30.319999999999986,78.71999999999991
30.319999999999986,78.73999999999991
30.319999999999986,78.7599999999999
30.319999999999986,78.7799999999999
30.319999999999986,78.7999999999999
30.319999999999986,78.8199999999999
30.319999999999986,78.83999999999989
30.319999999999986,78.85999999999989
30.319999999999986,78.87999999999988
30.319999999999986,78.89999999999988
30.319999999999986,78.91999999999987
30.319999999999986,78.93999999999987
30.319999999999986,78.95999999999987
30.319999999999986,78.97999999999986
30.319999999999986,78.99999999999986
30.339999999999986,78.3
30.339999999999986,78.32
30.339999999999986,78.33999999999999
30.339999999999986,78.35999999999999
30.339999999999986,78.37999999999998
30.339999999999986,78.39999999999998
30.339999999999986,78.41999999999997
30.339999999999986,78.43999999999997
30.339999999999986,78.45999999999997
30.339999999999986,78.47999999999996
30.339999999999986,78.49999999999996
30.339999999999986,78.51999999999995
30.339999999999986,78.53999999999995
30.339999999999986,78.55999999999995
30.339999999999986,78.57999999999994
30.339999999999986,78.59999999999994
30.339999999999986,78.61999999999993
30.339999999999986,78.63999999999993
30.339999999999986,78.65999999999993
30.339999999999986,78.67999999999992
30.339999999999986,78.69999999999992
30.339999999999986,78.71999999999991
30.339999999999986,78.73999999999991
30.339999999999986,78.7599999999999
30.339999999999986,78.7799999999999
30.339999999999986,78.7999999999999
30.339999999999986,78.8199999999999
30.339999999999986,78.83999999999989
30.339999999999986,78.85999999999989
30.339999999999986,78.87999999999988
30.339999999999986,78.89999999999988
30.339999999999986,78.91999999999987
30.339999999999986,78.93999999999987
30.339999999999986,78.95999999999987
30.339999999999986,78.97999999999986
30.339999999999986,78.99999999999986
30.359999999999985,78.3
30.359999999999985,78.32
30.359999999999985,78.33999999999999
30.359999999999985,78.35999999999999
30.359999999999985,78.37999999999998
30.359999999999985,78.39999999999998
30.359999999999985,78.41999999999997
30.359999999999985,78.43999999999997
30.359999999999985,78.45999999999997
30.359999999999985,78.47999999999996
30.359999999999985,78.49999999999996
30.359999999999985,78.51999999999995
30.359999999999985,78.53999999999995
30.359999999999985,78.55999999999995
30.359999999999985,78.57999999999994
30.359999999999985,78.59999999999994
30.359999999999985,78.61999999999993
30.359999999999985,78.63999999999993
30.359999999999985,78.65999999999993
30.359999999999985,78.67999999999992
30.359999999999985,78.69999999999992
30.359999999999985,78.71999999999991
30.359999999999985,78.73999999999991
30.359999999999985,78.7599999999999
30.359999999999985,78.7799999999999
30.359999999999985,78.7999999999999
30.359999999999985,78.8199999999999
30.359999999999985,78.83999999999989
30.359999999999985,78.85999999999989
30.359999999999985,78.87999999999988
30.359999999999985,78.89999999999988
30.359999999999985,78.91999999999987
30.359999999999985,78.93999999999987
30.359999999999985,78.95999999999987
30.359999999999985,78.97999999999986
30.359999999999985,78.99999999999986
30.379999999999985,78.3
30.379999999999985,78.32
30.379999999999985,78.33999999999999
30.379999999999985,78.35999999999999
30.379999999999985,78.37999999999998
30.379999999999985,78.39999999999998
30.379999999999985,78.41999999999997
30.379999999999985,78.43999999999997
30.379999999999985,78.45999999999997
30.379999999999985,78.47999999999996
30.379999999999985,78.49999999999996
30.379999999999985,78.51999999999995
30.379999999999985,78.53999999999995
30.379999999999985,78.55999999999995
30.379999999999985,78.57999999999994
30.379999999999985,78.59999999999994
30.379999999999985,78.61999999999993
30.379999999999985,78.63999999999993
30.379999999999985,78.65999999999993
30.379999999999985,78.67999999999992
30.379999999999985,78.69999999999992
30.379999999999985,78.71999999999991
30.379999999999985,78.73999999999991
30.379999999999985,78.7599999999999
30.379999999999985,78.7799999999999
30.379999999999985,78.7999999999999
30.379999999999985,78.8199999999999
30.379999999999985,78.83999999999989
30.379999999999985,78.85999999999989
30.379999999999985,78.87999999999988
30.379999999999985,78.89999999999988
30.379999999999985,78.91999999999987
30.379999999999985,78.93999999999987
30.379999999999985,78.95999999999987
30.379999999999985,78.97999999999986
30.379999999999985,78.99999999999986
